GEOID,3sfca_capacity,2sfca30_capacity
51001090100,0.0,0.0
51001090200,0.0,0.0
51001090300,0.0,0.0
51001090400,0.0,0.0
51001090500,0.0,0.0
51001090600,0.0,0.0
51001090700,0.0,0.0
51001090800,0.0,0.0
51001980100,0.0,0.0
51001980200,0.0,0.0
51001990100,0.0,0.0
51003010100,0.06288067254027238,0.0
51003010201,0.5644288939924449,5.063134991924299e-05
51003010202,0.5644288939924449,5.063134991924299e-05
51003010300,1.0539998444845655,0.00015649689975038745
51003010401,0.5644288939924449,5.063134991924299e-05
51003010402,1.0539998444845655,0.00015649689975038745
51003010500,1.0539998444845655,0.00015649689975038745
51003010601,1.0539998444845655,0.00015649689975038745
51003010602,1.0539998444845655,0.00015649689975038745
51003010700,1.0539998444845655,0.00015649689975038745
51003010800,1.0539998444845655,0.00015649689975038745
51003010901,0.9946593706663995,0.00015649689975038745
51003010902,0.9946593706663995,0.00015649689975038745
51003010903,1.380016626787133,0.0002301424996329227
51003011000,0.9946593706663995,0.00015649689975038745
51003011100,0.5078512960266152,5.063134991924299e-05
51003011201,0.03144033627013619,0.0
51003011202,0.9946593706663995,0.00015649689975038745
51003011301,0.5644288939924449,5.063134991924299e-05
51003011302,1.380016626787133,0.0002301424996329227
51003011303,1.380016626787133,0.0002301424996329227
51003011400,0.06288067254027238,0.0
51005070100,0.0,0.0
51005080100,0.0,0.0
51005080201,0.0,0.0
51005080202,0.0,0.0
51005080301,0.0,0.0
51005080302,0.0,0.0
51007930100,0.0,0.0
51007930200,0.08972336657829964,0.0
51009010100,0.060140983003925064,0.0
51009010200,0.060140983003925064,0.0
51009010300,0.060140983003925064,0.0
51009010401,0.5398369188685654,5.125153398688529e-05
51009010402,1.0080774293991248,0.0001584138323231
51009010502,1.0080774293991248,0.0001584138323231
51009010503,1.0080774293991248,0.0001584138323231
51009010504,0.5398369188685654,5.125153398688529e-05
51009010600,0.5398369188685654,5.125153398688529e-05
51011040100,0.060140983003925064,0.0
51011040200,0.060140983003925064,0.0
51011040300,0.060140983003925064,0.0
51013100100,2.476209658804019,0.00041120951211490327
51013100200,2.476209658804019,0.00041120951211490327
51013100300,1.3260384110356753,0.00013303837156658635
51013100400,1.3260384110356753,0.00013303837156658635
51013100500,1.3260384110356753,0.00013303837156658635
51013100600,1.3260384110356753,0.00013303837156658635
51013100700,1.3260384110356753,0.00013303837156658635
51013100800,2.476209658804019,0.00041120951211490327
51013100900,2.476209658804019,0.00041120951211490327
51013101000,2.476209658804019,0.00041120951211490327
51013101100,2.476209658804019,0.00041120951211490327
51013101200,2.476209658804019,0.00041120951211490327
51013101300,2.476209658804019,0.00041120951211490327
51013101401,2.476209658804019,0.00041120951211490327
51013101402,2.476209658804019,0.00041120951211490327
51013101403,2.476209658804019,0.00041120951211490327
51013101404,2.476209658804019,0.00041120951211490327
51013101500,1.3260384110356753,0.00013303837156658635
51013101601,1.3260384110356753,0.00013303837156658635
51013101602,1.3260384110356753,0.00013303837156658635
51013101603,1.3260384110356753,0.00013303837156658635
51013101701,1.3260384110356753,0.00013303837156658635
51013101702,1.3260384110356753,0.00013303837156658635
51013101703,1.3260384110356753,0.00013303837156658635
51013101801,1.3260384110356753,0.00013303837156658635
51013101802,1.3260384110356753,0.00013303837156658635
51013101803,1.3260384110356753,0.00013303837156658635
51013101900,2.476209658804019,0.00041120951211490327
51013102001,2.476209658804019,0.00041120951211490327
51013102002,2.476209658804019,0.00041120951211490327
51013102003,2.476209658804019,0.00041120951211490327
51013102100,2.476209658804019,0.00041120951211490327
51013102200,2.476209658804019,0.00041120951211490327
51013102301,2.476209658804019,0.00041120951211490327
51013102302,2.476209658804019,0.00041120951211490327
51013102400,2.476209658804019,0.00041120951211490327
51013102500,2.476209658804019,0.00041120951211490327
51013102600,2.476209658804019,0.00041120951211490327
51013102701,2.476209658804019,0.00041120951211490327
51013102702,2.476209658804019,0.00041120951211490327
51013102801,2.476209658804019,0.00041120951211490327
51013102802,2.476209658804019,0.00041120951211490327
51013102901,2.476209658804019,0.00041120951211490327
51013102902,2.476209658804019,0.00041120951211490327
51013103000,2.476209658804019,0.00041120951211490327
51013103100,2.476209658804019,0.00041120951211490327
51013103200,2.476209658804019,0.00041120951211490327
51013103300,2.476209658804019,0.00041120951211490327
51013103401,1.3260384110356753,0.00013303837156658635
51013103402,1.3260384110356753,0.00013303837156658635
51013103501,1.3260384110356753,0.00013303837156658635
51013103502,1.3260384110356753,0.00013303837156658635
51013103503,1.3260384110356753,0.00013303837156658635
51013103601,1.3260384110356753,0.00013303837156658635
51013103602,1.3260384110356753,0.00013303837156658635
51013103700,1.3260384110356753,0.00013303837156658635
51013103800,1.3260384110356753,0.00013303837156658635
51013980100,1.3260384110356753,0.00013303837156658635
51013980200,1.3260384110356753,0.00013303837156658635
51015070100,0.0,0.0
51015070200,0.0,0.0
51015070300,0.002630466381166773,0.0
51015070400,0.006303074574442578,0.0
51015070500,0.03144033627013619,0.0
51015070600,0.006303074574442578,0.0
51015070700,0.0035401987221064884,0.0
51015070800,0.0,0.0
51015070900,0.006303074574442578,0.0
51015071000,0.0,0.0
51015071101,0.006303074574442578,0.0
51015071102,0.03144033627013619,0.0
51015071200,0.03144033627013619,0.0
51017920100,0.0,0.0
51019030101,0.5398369188685654,5.125153398688529e-05
51019030103,0.5398369188685654,5.125153398688529e-05
51019030104,1.0080774293991248,0.0001584138323231
51019030201,0.060140983003925064,0.0
51019030202,0.060140983003925064,0.0
51019030300,0.060140983003925064,0.0
51019030401,0.11952876554341732,0.0
51019030402,0.11952876554341732,0.0
51019030501,0.060140983003925064,0.0
51019030503,0.0,0.0
51019030504,0.11952876554341732,0.0
51019030601,0.17891654808290955,0.0
51019030602,1.6059890149346883,0.000145664516861044
51019030603,1.6059890149346883,0.000145664516861044
51019030604,0.17891654808290955,0.0
51019030605,0.11952876554341732,0.0
51019050100,0.11952876554341732,0.0
51021040100,0.0,0.0
51021040200,0.0,0.0
51023040100,0.17891654808290955,0.0
51023040200,0.17891654808290955,0.0
51023040301,0.17891654808290955,0.0
51023040302,0.17891654808290955,0.0
51023040401,0.17891654808290955,0.0
51023040402,1.6059890149346883,0.000145664516861044
51023040501,1.6059890149346883,0.000145664516861044
51023040502,1.6059890149346883,0.000145664516861044
51025930100,0.0,0.0
51025930201,0.0,0.0
51025930202,0.0,0.0
51025930203,0.0,0.0
51025930300,0.0,0.0
51027010100,0.0,0.0
51027010200,0.0,0.0
51027010300,0.0,0.0
51027010400,0.0,0.0
51027010500,0.0,0.0
51027010600,0.0,0.0
51027010700,0.0,0.0
51029930101,0.06288067254027238,0.0
51029930102,0.06288067254027238,0.0
51029930201,0.0,0.0
51029930202,0.060140983003925064,0.0
51031020101,0.5398369188685654,5.125153398688529e-05
51031020102,0.060140983003925064,0.0
51031020200,1.0080774293991248,0.0001584138323231
51031020300,1.0080774293991248,0.0001584138323231
51031020401,1.0080774293991248,0.0001584138323231
51031020402,1.0080774293991248,0.0001584138323231
51031020403,0.5398369188685654,5.125153398688529e-05
51031020500,1.0080774293991248,0.0001584138323231
51031020600,0.060140983003925064,0.0
51031020700,0.060140983003925064,0.0
51031020800,0.060140983003925064,0.0
51031020900,0.060140983003925064,0.0
51033030100,0.0,0.0
51033030201,0.09531271530875882,0.0
51033030202,0.0,0.0
51033030300,0.09531271530875882,0.0
51033030400,0.09531271530875882,0.0
51033030500,0.3154586210768473,0.0
51033030600,0.09251804094352922,0.0
51035080100,0.0,0.0
51035080200,0.0,0.0
51035080300,0.0,0.0
51035080400,0.0,0.0
51035080500,0.0,0.0
51035080601,0.0,0.0
51035080602,0.0,0.0
51036600100,0.09251804094352922,0.0
51036600200,0.09251804094352922,0.0
51036600300,0.08972336657829964,0.0
51037930100,0.0,0.0
51037930200,0.0,0.0
51037930300,0.0,0.0
51041100106,0.8304595579931074,0.00013895093955013397
51041100107,0.8304595579931074,0.00013895093955013397
51041100205,0.7341984315383452,6.964135126169019e-05
51041100206,0.7341984315383452,6.964135126169019e-05
51041100208,0.7341984315383452,6.964135126169019e-05
51041100209,0.7341984315383452,6.964135126169019e-05
51041100210,0.8304595579931074,0.00013895093955013397
51041100300,1.2778079592130112,0.0002845646740063953
51041100403,1.4246287399423976,0.0002152550857179515
51041100404,1.4246287399423976,0.0002152550857179515
51041100405,1.4246287399423976,0.0002152550857179515
51041100406,1.4246287399423976,0.0002152550857179515
51041100407,1.9731095354176762,0.00031655159664404633
51041100409,1.9731095354176762,0.00031655159664404633
51041100410,1.9731095354176762,0.00031655159664404633
51041100505,1.9731095354176762,0.00031655159664404633
51041100506,1.9731095354176762,0.00031655159664404633
51041100507,1.4246287399423976,0.0002152550857179515
51041100508,1.9731095354176762,0.00031655159664404633
51041100509,1.4246287399423976,0.0002152550857179515
51041100510,1.4246287399423976,0.0002152550857179515
51041100600,1.4246287399423976,0.0002152550857179515
51041100701,0.7341984315383452,6.964135126169019e-05
51041100702,0.7341984315383452,6.964135126169019e-05
51041100703,0.09251804094352922,0.0
51041100804,1.4246287399423976,0.0002152550857179515
51041100805,1.4246287399423976,0.0002152550857179515
51041100806,1.4246287399423976,0.0002152550857179515
51041100807,1.4246287399423976,0.0002152550857179515
51041100812,1.4246287399423976,0.0002152550857179515
51041100814,1.4246287399423976,0.0002152550857179515
51041100815,1.4246287399423976,0.0002152550857179515
51041100816,1.4246287399423976,0.0002152550857179515
51041100817,1.4246287399423976,0.0002152550857179515
51041100818,0.7341984315383452,6.964135126169019e-05
51041100819,0.7341984315383452,6.964135126169019e-05
51041100820,1.4246287399423976,0.0002152550857179515
51041100821,0.7341984315383452,6.964135126169019e-05
51041100822,1.4246287399423976,0.0002152550857179515
51041100823,1.4246287399423976,0.0002152550857179515
51041100902,0.7787801416503412,6.93095882884438e-05
51041100907,0.8304595579931074,0.00013895093955013397
51041100910,0.7341984315383452,6.964135126169019e-05
51041100912,0.7341984315383452,6.964135126169019e-05
51041100915,0.09251804094352922,0.0
51041100919,0.7341984315383452,6.964135126169019e-05
51041100920,0.09251804094352922,0.0
51041100921,0.7341984315383452,6.964135126169019e-05
51041100922,0.7341984315383452,6.964135126169019e-05
51041100923,0.8304595579931074,0.00013895093955013397
51041100924,0.09251804094352922,0.0
51041100926,0.09251804094352922,0.0
51041100927,0.09251804094352922,0.0
51041100928,0.7341984315383452,6.964135126169019e-05
51041100929,0.7341984315383452,6.964135126169019e-05
51041100930,0.09251804094352922,0.0
51041100931,0.09251804094352922,0.0
51041100932,0.7341984315383452,6.964135126169019e-05
51041100933,0.7341984315383452,6.964135126169019e-05
51041100934,0.7341984315383452,6.964135126169019e-05
51041100935,0.09251804094352922,0.0
51041100936,0.09251804094352922,0.0
51041101003,0.09251804094352922,0.0
51041101004,0.09251804094352922,0.0
51041101007,0.7341984315383452,6.964135126169019e-05
51041101008,0.09251804094352922,0.0
51041101009,0.09251804094352922,0.0
51041101010,0.09251804094352922,0.0
51041101011,0.7341984315383452,6.964135126169019e-05
51041101012,0.7341984315383452,6.964135126169019e-05
51041101013,0.09251804094352922,0.0
51043010100,0.0,0.0
51043010200,0.0,0.0
51043010300,0.0,0.0
51045050100,0.0,0.0
51047930101,0.5356045268449358,0.0
51047930102,0.5356045268449358,0.0
51047930201,0.5356045268449358,0.0
51047930202,0.5356045268449358,0.0
51047930300,4.807688252870018,0.0007404470238552257
51047930400,4.807688252870018,0.0007404470238552257
51047930501,0.5356045268449358,0.0
51047930502,0.5356045268449358,0.0
51049930100,0.0,0.0
51049930200,0.0,0.0
51051040100,0.0,0.0
51051040200,0.13269788888330375,0.0
51051040300,0.13269788888330375,0.0
51051040400,0.0,0.0
51053840100,0.08972336657829964,0.0
51053840200,0.08972336657829964,0.0
51053840300,0.7341984315383452,6.964135126169019e-05
51053840400,1.4246287399423976,0.0002152550857179515
51053840500,0.80537402857188,6.964135126169019e-05
51053840600,0.08972336657829964,0.0
51053980100,0.0,0.0
51057950600,0.0,0.0
51057950700,0.0,0.0
51057950800,0.0,0.0
51059415100,1.3260384110356753,0.00013303837156658635
51059415200,1.3260384110356753,0.00013303837156658635
51059415300,1.3260384110356753,0.00013303837156658635
51059415401,1.3260384110356753,0.00013303837156658635
51059415402,1.3260384110356753,0.00013303837156658635
51059415500,1.3260384110356753,0.00013303837156658635
51059415600,1.3260384110356753,0.00013303837156658635
51059415700,0.14772841714455798,0.0
51059415800,0.14772841714455798,0.0
51059415900,1.3260384110356753,0.00013303837156658635
51059416000,1.3260384110356753,0.00013303837156658635
51059416100,1.3260384110356753,0.00013303837156658635
51059416200,1.3260384110356753,0.00013303837156658635
51059416300,0.14772841714455798,0.0
51059420100,2.476209658804019,0.00041120951211490327
51059420201,2.476209658804019,0.00041120951211490327
51059420202,2.476209658804019,0.00041120951211490327
51059420203,2.476209658804019,0.00041120951211490327
51059420300,1.3260384110356753,0.00013303837156658635
51059420400,1.3260384110356753,0.00013303837156658635
51059420501,1.3260384110356753,0.00013303837156658635
51059420502,1.3260384110356753,0.00013303837156658635
51059420503,1.3260384110356753,0.00013303837156658635
51059420600,1.3260384110356753,0.00013303837156658635
51059420700,1.3260384110356753,0.00013303837156658635
51059420800,1.3260384110356753,0.00013303837156658635
51059421001,2.476209658804019,0.00041120951211490327
51059421002,2.476209658804019,0.00041120951211490327
51059421101,2.476209658804019,0.00041120951211490327
51059421102,2.476209658804019,0.00041120951211490327
51059421103,1.3260384110356753,0.00013303837156658635
51059421200,1.3260384110356753,0.00013303837156658635
51059421300,1.3260384110356753,0.00013303837156658635
51059421400,1.3260384110356753,0.00013303837156658635
51059421500,1.3260384110356753,0.00013303837156658635
51059421600,1.3260384110356753,0.00013303837156658635
51059421701,1.3260384110356753,0.00013303837156658635
51059421702,1.3260384110356753,0.00013303837156658635
51059421800,1.3260384110356753,0.00013303837156658635
51059421900,1.3260384110356753,0.00013303837156658635
51059422000,2.476209658804019,0.00041120951211490327
51059422101,1.3260384110356753,0.00013303837156658635
51059422102,1.3260384110356753,0.00013303837156658635
51059422201,0.14772841714455798,0.0
51059422202,1.3260384110356753,0.00013303837156658635
51059422301,2.476209658804019,0.00041120951211490327
51059422302,2.476209658804019,0.00041120951211490327
51059422401,2.476209658804019,0.00041120951211490327
51059422402,2.476209658804019,0.00041120951211490327
51059422403,2.476209658804019,0.00041120951211490327
51059430101,2.476209658804019,0.00041120951211490327
51059430102,2.476209658804019,0.00041120951211490327
51059430201,2.476209658804019,0.00041120951211490327
51059430202,2.476209658804019,0.00041120951211490327
51059430203,2.476209658804019,0.00041120951211490327
51059430400,3.383684221263447,0.0006047198707572107
51059430500,2.476209658804019,0.00041120951211490327
51059430600,2.476209658804019,0.00041120951211490327
51059430700,2.476209658804019,0.00041120951211490327
51059430801,2.476209658804019,0.00041120951211490327
51059430802,2.476209658804019,0.00041120951211490327
51059430901,2.476209658804019,0.00041120951211490327
51059430902,2.476209658804019,0.00041120951211490327
51059431001,2.476209658804019,0.00041120951211490327
51059431002,2.476209658804019,0.00041120951211490327
51059431300,2.476209658804019,0.00041120951211490327
51059431400,2.476209658804019,0.00041120951211490327
51059431500,2.476209658804019,0.00041120951211490327
51059431600,2.476209658804019,0.00041120951211490327
51059431801,3.383684221263447,0.0006047198707572107
51059431802,3.383684221263447,0.0006047198707572107
51059431900,3.383684221263447,0.0006047198707572107
51059432000,2.476209658804019,0.00041120951211490327
51059432100,2.476209658804019,0.00041120951211490327
51059432201,2.476209658804019,0.00041120951211490327
51059432202,2.476209658804019,0.00041120951211490327
51059432300,2.476209658804019,0.00041120951211490327
51059432401,2.476209658804019,0.00041120951211490327
51059432402,2.476209658804019,0.00041120951211490327
51059432500,2.476209658804019,0.00041120951211490327
51059432600,2.476209658804019,0.00041120951211490327
51059432701,1.3260384110356753,0.00013303837156658635
51059432702,1.3260384110356753,0.00013303837156658635
51059432800,1.3260384110356753,0.00013303837156658635
51059440100,3.383684221263447,0.0006047198707572107
51059440201,3.383684221263447,0.0006047198707572107
51059440202,3.383684221263447,0.0006047198707572107
51059440300,3.383684221263447,0.0006047198707572107
51059440501,2.476209658804019,0.00041120951211490327
51059440502,2.476209658804019,0.00041120951211490327
51059440600,2.476209658804019,0.00041120951211490327
51059440701,3.383684221263447,0.0006047198707572107
51059440702,3.383684221263447,0.0006047198707572107
51059440800,3.383684221263447,0.0006047198707572107
51059450100,2.476209658804019,0.00041120951211490327
51059450200,2.476209658804019,0.00041120951211490327
51059450300,2.476209658804019,0.00041120951211490327
51059450400,2.476209658804019,0.00041120951211490327
51059450500,2.476209658804019,0.00041120951211490327
51059450601,2.476209658804019,0.00041120951211490327
51059450602,2.476209658804019,0.00041120951211490327
51059450701,3.383684221263447,0.0006047198707572107
51059450702,3.383684221263447,0.0006047198707572107
51059450800,3.383684221263447,0.0006047198707572107
51059450900,2.476209658804019,0.00041120951211490327
51059451000,3.383684221263447,0.0006047198707572107
51059451100,2.476209658804019,0.00041120951211490327
51059451200,2.476209658804019,0.00041120951211490327
51059451300,2.476209658804019,0.00041120951211490327
51059451400,2.476209658804019,0.00041120951211490327
51059451501,2.476209658804019,0.00041120951211490327
51059451502,2.476209658804019,0.00041120951211490327
51059451601,2.476209658804019,0.00041120951211490327
51059451602,2.476209658804019,0.00041120951211490327
51059451800,2.476209658804019,0.00041120951211490327
51059451900,3.383684221263447,0.0006047198707572107
51059452000,3.383684221263447,0.0006047198707572107
51059452101,2.476209658804019,0.00041120951211490327
51059452102,3.383684221263447,0.0006047198707572107
51059452200,3.383684221263447,0.0006047198707572107
51059452301,3.383684221263447,0.0006047198707572107
51059452302,3.383684221263447,0.0006047198707572107
51059452400,3.383684221263447,0.0006047198707572107
51059452501,2.476209658804019,0.00041120951211490327
51059452502,2.476209658804019,0.00041120951211490327
51059452600,2.476209658804019,0.00041120951211490327
51059452700,2.476209658804019,0.00041120951211490327
51059452801,2.476209658804019,0.00041120951211490327
51059452802,2.476209658804019,0.00041120951211490327
51059460100,1.3260384110356753,0.00013303837156658635
51059460200,1.3260384110356753,0.00013303837156658635
51059460300,2.476209658804019,0.00041120951211490327
51059460400,2.476209658804019,0.00041120951211490327
51059460501,2.476209658804019,0.00041120951211490327
51059460502,2.476209658804019,0.00041120951211490327
51059460600,2.476209658804019,0.00041120951211490327
51059460701,2.476209658804019,0.00041120951211490327
51059460702,2.476209658804019,0.00041120951211490327
51059460800,2.476209658804019,0.00041120951211490327
51059460900,2.476209658804019,0.00041120951211490327
51059461000,2.476209658804019,0.00041120951211490327
51059461100,2.476209658804019,0.00041120951211490327
51059461201,2.476209658804019,0.00041120951211490327
51059461202,2.476209658804019,0.00041120951211490327
51059461500,2.476209658804019,0.00041120951211490327
51059461601,2.476209658804019,0.00041120951211490327
51059461602,3.383684221263447,0.0006047198707572107
51059461700,3.383684221263447,0.0006047198707572107
51059461801,2.476209658804019,0.00041120951211490327
51059461802,2.476209658804019,0.00041120951211490327
51059461901,2.476209658804019,0.00041120951211490327
51059461902,2.476209658804019,0.00041120951211490327
51059470100,1.3260384110356753,0.00013303837156658635
51059470300,1.3260384110356753,0.00013303837156658635
51059470400,1.3260384110356753,0.00013303837156658635
51059470500,2.476209658804019,0.00041120951211490327
51059470600,2.476209658804019,0.00041120951211490327
51059470700,2.476209658804019,0.00041120951211490327
51059470800,2.476209658804019,0.00041120951211490327
51059470900,2.476209658804019,0.00041120951211490327
51059471000,2.476209658804019,0.00041120951211490327
51059471100,2.476209658804019,0.00041120951211490327
51059471201,2.476209658804019,0.00041120951211490327
51059471202,2.476209658804019,0.00041120951211490327
51059471301,2.476209658804019,0.00041120951211490327
51059471303,2.476209658804019,0.00041120951211490327
51059471304,2.476209658804019,0.00041120951211490327
51059471401,2.476209658804019,0.00041120951211490327
51059471402,2.476209658804019,0.00041120951211490327
51059480100,1.3260384110356753,0.00013303837156658635
51059480201,2.476209658804019,0.00041120951211490327
51059480202,2.476209658804019,0.00041120951211490327
51059480203,2.476209658804019,0.00041120951211490327
51059480300,1.3260384110356753,0.00013303837156658635
51059480401,1.3260384110356753,0.00013303837156658635
51059480402,0.14772841714455798,0.0
51059480501,0.14772841714455798,0.0
51059480502,0.14772841714455798,0.0
51059480503,0.14772841714455798,0.0
51059480504,0.14772841714455798,0.0
51059480505,1.3260384110356753,0.00013303837156658635
51059480801,0.14772841714455798,0.0
51059480802,0.14772841714455798,0.0
51059480901,0.14772841714455798,0.0
51059480902,1.3260384110356753,0.00013303837156658635
51059480903,0.14772841714455798,0.0
51059481000,0.14772841714455798,0.0
51059481101,0.14772841714455798,0.0
51059481102,1.3260384110356753,0.00013303837156658635
51059481103,0.14772841714455798,0.0
51059481104,1.3260384110356753,0.00013303837156658635
51059481105,1.3260384110356753,0.00013303837156658635
51059481106,1.3260384110356753,0.00013303837156658635
51059481201,1.3260384110356753,0.00013303837156658635
51059481202,1.3260384110356753,0.00013303837156658635
51059481400,1.3260384110356753,0.00013303837156658635
51059481500,1.3260384110356753,0.00013303837156658635
51059481600,2.476209658804019,0.00041120951211490327
51059481701,1.3260384110356753,0.00013303837156658635
51059481702,2.476209658804019,0.00041120951211490327
51059481900,0.14772841714455798,0.0
51059482001,1.3260384110356753,0.00013303837156658635
51059482002,1.3260384110356753,0.00013303837156658635
51059482100,1.3260384110356753,0.00013303837156658635
51059482201,1.3260384110356753,0.00013303837156658635
51059482202,,
51059482203,1.3260384110356753,0.00013303837156658635
51059482301,1.3260384110356753,0.00013303837156658635
51059482302,1.3260384110356753,0.00013303837156658635
51059482303,1.3260384110356753,0.00013303837156658635
51059482400,1.3260384110356753,0.00013303837156658635
51059482501,0.14772841714455798,0.0
51059482502,1.3260384110356753,0.00013303837156658635
51059482503,1.3260384110356753,0.00013303837156658635
51059482504,1.3260384110356753,0.00013303837156658635
51059482601,1.3260384110356753,0.00013303837156658635
51059482602,1.3260384110356753,0.00013303837156658635
51059490101,1.3260384110356753,0.00013303837156658635
51059490103,1.3260384110356753,0.00013303837156658635
51059490501,1.3260384110356753,0.00013303837156658635
51059490502,2.476209658804019,0.00041120951211490327
51059491000,0.14772841714455798,0.0
51059491101,0.14772841714455798,0.0
51059491102,1.3260384110356753,0.00013303837156658635
51059491103,1.3260384110356753,0.00013303837156658635
51059491201,1.3260384110356753,0.00013303837156658635
51059491202,1.3260384110356753,0.00013303837156658635
51059491301,0.14772841714455798,0.0
51059491302,1.3260384110356753,0.00013303837156658635
51059491303,1.3260384110356753,0.00013303837156658635
51059491401,1.3260384110356753,0.00013303837156658635
51059491402,1.3260384110356753,0.00013303837156658635
51059491403,1.3260384110356753,0.00013303837156658635
51059491404,1.3260384110356753,0.00013303837156658635
51059491405,1.3260384110356753,0.00013303837156658635
51059491501,1.3260384110356753,0.00013303837156658635
51059491502,1.3260384110356753,0.00013303837156658635
51059491601,1.3260384110356753,0.00013303837156658635
51059491602,1.3260384110356753,0.00013303837156658635
51059491701,2.476209658804019,0.00041120951211490327
51059491702,2.476209658804019,0.00041120951211490327
51059491703,2.476209658804019,0.00041120951211490327
51059491704,2.476209658804019,0.00041120951211490327
51059491705,1.3260384110356753,0.00013303837156658635
51059491801,1.3260384110356753,0.00013303837156658635
51059491802,1.3260384110356753,0.00013303837156658635
51059491803,1.3260384110356753,0.00013303837156658635
51059492000,2.476209658804019,0.00041120951211490327
51059492100,2.476209658804019,0.00041120951211490327
51059492201,1.3260384110356753,0.00013303837156658635
51059492202,1.3260384110356753,0.00013303837156658635
51059492203,1.3260384110356753,0.00013303837156658635
51059492300,1.3260384110356753,0.00013303837156658635
51059492400,1.3260384110356753,0.00013303837156658635
51059492500,1.3260384110356753,0.00013303837156658635
51059980100,2.476209658804019,0.00041120951211490327
51059980200,0.14772841714455798,0.0
51059980300,1.3260384110356753,0.00013303837156658635
51061930100,0.0,0.0
51061930203,0.0,0.0
51061930204,0.0,0.0
51061930205,0.0,0.0
51061930206,0.5356045268449358,0.0
51061930207,0.5356045268449358,0.0
51061930302,0.34166647199474687,0.0
51061930303,0.34166647199474687,0.0
51061930304,0.14772841714455798,0.0
51061930401,0.14772841714455798,0.0
51061930402,0.34166647199474687,0.0
51061930403,0.5356045268449358,0.0
51061930703,0.5356045268449358,0.0
51061930704,0.5356045268449358,0.0
51061930705,0.5356045268449358,0.0
51061930706,0.5356045268449358,0.0
51061930707,0.5356045268449358,0.0
51063920101,0.17891654808290955,0.0
51063920102,0.17891654808290955,0.0
51063920200,0.0,0.0
51065020101,0.06288067254027238,0.0
51065020102,0.5644288939924449,5.063134991924299e-05
51065020200,0.06288067254027238,0.0
51065020300,0.06288067254027238,0.0
51067020101,0.17891654808290955,0.0
51067020102,0.08945827404145477,0.0
51067020200,0.08945827404145477,0.0
51067020300,0.17891654808290955,0.0
51067020400,1.4450068225068673,0.000145664516861044
51067020500,0.17891654808290955,0.0
51067020600,0.08945827404145477,0.0
51067020700,0.08945827404145477,0.0
51067020800,0.08945827404145477,0.0
51067020900,0.0,0.0
51069050100,0.0,0.0
51069050200,0.0,0.0
51069050300,0.0,0.0
51069050400,0.0,0.0
51069050500,0.0,0.0
51069050600,0.0,0.0
51069050700,0.0,0.0
51069050801,0.0,0.0
51069050802,0.0,0.0
51069050803,0.0,0.0
51069050900,0.0,0.0
51069051000,0.0,0.0
51069051101,0.0,0.0
51069051102,0.0,0.0
51071930100,0.0,0.0
51071930200,0.0,0.0
51071930300,0.0,0.0
51071930400,0.0,0.0
51073100100,0.07199949895829577,0.0
51073100201,0.07199949895829577,0.0
51073100202,0.07199949895829577,0.0
51073100203,0.07199949895829577,0.0
51073100301,0.10186246525286141,0.0
51073100302,0.07199949895829577,0.0
51073100400,0.07199949895829577,0.0
51073100500,0.07199949895829577,0.0
51075400100,0.7787801416503412,6.93095882884438e-05
51075400200,0.08263891814244362,0.0
51075400300,0.09251804094352922,0.0
51075400400,0.09531271530875882,0.0
51075400500,0.06288067254027238,0.0
51077060101,0.0,0.0
51077060102,0.0,0.0
51077060201,0.0,0.0
51077060202,0.0,0.0
51077060300,0.0,0.0
51079030101,0.06288067254027238,0.0
51079030102,0.06288067254027238,0.0
51079030200,0.06288067254027238,0.0
51081880101,0.0,0.0
51081880102,0.04486168328914982,0.0
51081880200,0.0,0.0
51083930100,0.0,0.0
51083930201,0.060140983003925064,0.0
51083930202,,
51083930301,0.028112510277692366,0.0
51083930302,0.028112510277692366,0.0
51083930400,0.028112510277692366,0.0
51083930500,0.0,0.0
51083930600,0.0,0.0
51083930800,0.028112510277692366,0.0
51085320100,0.09531271530875882,0.0
51085320200,0.09251804094352922,0.0
51085320300,0.7787801416503412,6.93095882884438e-05
51085320400,1.5127275223129681,0.00021422963652791718
51085320500,0.7787801416503412,6.93095882884438e-05
51085320601,1.5127275223129681,0.00021422963652791718
51085320602,1.5127275223129681,0.00021422963652791718
51085320701,0.7787801416503412,6.93095882884438e-05
51085320702,0.7787801416503412,6.93095882884438e-05
51085320801,1.5127275223129681,0.00021422963652791718
51085320803,1.5127275223129681,0.00021422963652791718
51085320804,1.5127275223129681,0.00021422963652791718
51085320805,1.5127275223129681,0.00021422963652791718
51085320900,1.5127275223129681,0.00021422963652791718
51085321001,1.5127275223129681,0.00021422963652791718
51085321002,0.7787801416503412,6.93095882884438e-05
51085321100,1.5127275223129681,0.00021422963652791718
51085321201,1.5127275223129681,0.00021422963652791718
51085321202,0.7787801416503412,6.93095882884438e-05
51085321300,0.7787801416503412,6.93095882884438e-05
51085321401,0.7787801416503412,6.93095882884438e-05
51085321402,0.7787801416503412,6.93095882884438e-05
51085321403,0.09251804094352922,0.0
51087200104,1.5127275223129681,0.00021422963652791718
51087200105,1.5127275223129681,0.00021422963652791718
51087200106,1.5127275223129681,0.00021422963652791718
51087200107,0.7787801416503412,6.93095882884438e-05
51087200108,0.7787801416503412,6.93095882884438e-05
51087200109,0.7787801416503412,6.93095882884438e-05
51087200112,0.7787801416503412,6.93095882884438e-05
51087200116,1.5127275223129681,0.00021422963652791718
51087200119,1.5127275223129681,0.00021422963652791718
51087200120,0.7787801416503412,6.93095882884438e-05
51087200121,0.7787801416503412,6.93095882884438e-05
51087200122,0.7787801416503412,6.93095882884438e-05
51087200123,0.7787801416503412,6.93095882884438e-05
51087200124,0.7787801416503412,6.93095882884438e-05
51087200125,1.5127275223129681,0.00021422963652791718
51087200126,1.5127275223129681,0.00021422963652791718
51087200127,1.5127275223129681,0.00021422963652791718
51087200128,1.5127275223129681,0.00021422963652791718
51087200129,0.7787801416503412,6.93095882884438e-05
51087200130,0.7787801416503412,6.93095882884438e-05
51087200201,1.5127275223129681,0.00021422963652791718
51087200202,1.5127275223129681,0.00021422963652791718
51087200301,1.3213250314715859,0.00028387098778960736
51087200302,1.5127275223129681,0.00021422963652791718
51087200303,1.5127275223129681,0.00021422963652791718
51087200305,1.5127275223129681,0.00021422963652791718
51087200404,1.5127275223129681,0.00021422963652791718
51087200406,1.5127275223129681,0.00021422963652791718
51087200407,1.5127275223129681,0.00021422963652791718
51087200409,2.0955428885610674,0.00031504358312928996
51087200410,1.5127275223129681,0.00021422963652791718
51087200411,1.5127275223129681,0.00021422963652791718
51087200412,2.0955428885610674,0.00031504358312928996
51087200413,1.5127275223129681,0.00021422963652791718
51087200414,1.5127275223129681,0.00021422963652791718
51087200501,1.5127275223129681,0.00021422963652791718
51087200502,1.5127275223129681,0.00021422963652791718
51087200503,2.0955428885610674,0.00031504358312928996
51087200600,1.5127275223129681,0.00021422963652791718
51087200700,2.0955428885610674,0.00031504358312928996
51087200801,2.0955428885610674,0.00031504358312928996
51087200802,2.0955428885610674,0.00031504358312928996
51087200804,1.5127275223129681,0.00021422963652791718
51087200805,1.5127275223129681,0.00021422963652791718
51087200903,2.0955428885610674,0.00031504358312928996
51087200904,2.0955428885610674,0.00031504358312928996
51087200905,2.0955428885610674,0.00031504358312928996
51087200906,2.0955428885610674,0.00031504358312928996
51087201001,0.7787801416503412,6.93095882884438e-05
51087201002,1.3213250314715859,0.00028387098778960736
51087201003,0.8304595579931074,0.00013895093955013397
51087201101,0.7787801416503412,6.93095882884438e-05
51087201102,0.8304595579931074,0.00013895093955013397
51087201201,0.7787801416503412,6.93095882884438e-05
51087201202,0.8304595579931074,0.00013895093955013397
51087201401,0.8304595579931074,0.00013895093955013397
51087201403,0.7787801416503412,6.93095882884438e-05
51087201404,0.7341984315383452,6.964135126169019e-05
51087201501,0.8304595579931074,0.00013895093955013397
51087201502,0.7341984315383452,6.964135126169019e-05
51087201601,0.7341984315383452,6.964135126169019e-05
51087201602,0.7341984315383452,6.964135126169019e-05
51087201701,0.8304595579931074,0.00013895093955013397
51087980100,0.09251804094352922,0.0
51089010100,0.0015827418655001064,0.0
51089010200,0.0011760213462779676,0.0
51089010300,0.0015827418655001064,0.0
51089010400,0.0028179604574297837,0.0
51089010500,0.014056255138846183,0.0
51089010601,0.0015827418655001064,0.0
51089010602,0.0028179604574297837,0.0
51089010700,0.0028179604574297837,0.0
51089010800,0.0028179604574297837,0.0
51089010900,0.014056255138846183,0.0
51089011000,0.0028179604574297837,0.0
51089011100,0.0015827418655001064,0.0
51089011200,0.0028179604574297837,0.0
51089011300,0.011034543719727515,0.0
51091970100,0.0,0.0
51093280101,0.06790831016857428,0.0
51093280103,0.5405216635003244,5.0809173032671166e-05
51093280104,0.06790831016857428,0.0
51093280105,0.06790831016857428,0.0
51093280106,0.06790831016857428,0.0
51093280200,0.06790831016857428,0.0
51093280300,0.018560622735879304,0.0
51093280400,0.007416177111249244,0.0
51095080101,0.10186246525286141,0.0
51095080102,0.5947028326340085,5.0809173032671166e-05
51095080202,0.07199949895829577,0.0
51095080203,0.07199949895829577,0.0
51095080205,0.07199949895829577,0.0
51095080206,0.07199949895829577,0.0
51095080301,0.07199949895829577,0.0
51095080303,0.07199949895829577,0.0
51095080304,0.07199949895829577,0.0
51095080401,0.07199949895829577,0.0
51095080402,0.07199949895829577,0.0
51097950400,0.09531271530875882,0.0
51097950500,0.0,0.0
51099040100,0.0,0.0
51099040200,0.0,0.0
51099040300,0.0,0.0
51099040400,0.5356045268449358,0.0
51099040500,0.0,0.0
51101950101,0.09531271530875882,0.0
51101950102,0.09531271530875882,0.0
51101950200,0.0,0.0
51101950300,0.0,0.0
51103030100,0.0,0.0
51103030200,0.0,0.0
51103030300,0.0,0.0
51105950100,0.13269788888330375,0.0
51105950200,1.1911215264048933,0.00012932028961866682
51105950300,0.13269788888330375,0.0
51105950400,0.13269788888330375,0.0
51105950500,0.13269788888330375,0.0
51105950600,0.13269788888330375,0.0
51107610101,0.0,0.0
51107610102,0.0,0.0
51107610201,0.0,0.0
51107610202,0.0,0.0
51107610300,0.0,0.0
51107610400,0.14772841714455798,0.0
51107610503,0.14772841714455798,0.0
51107610504,0.14772841714455798,0.0
51107610505,0.14772841714455798,0.0
51107610506,0.14772841714455798,0.0
51107610507,0.14772841714455798,0.0
51107610601,0.14772841714455798,0.0
51107610602,0.14772841714455798,0.0
51107610603,0.14772841714455798,0.0
51107610604,0.14772841714455798,0.0
51107610701,0.0,0.0
51107610702,0.0,0.0
51107610703,0.14772841714455798,0.0
51107610800,0.0,0.0
51107610900,0.14772841714455798,0.0
51107611002,0.14772841714455798,0.0
51107611004,0.14772841714455798,0.0
51107611005,0.14772841714455798,0.0
51107611006,0.14772841714455798,0.0
51107611009,0.14772841714455798,0.0
51107611010,0.14772841714455798,0.0
51107611011,0.14772841714455798,0.0
51107611012,0.14772841714455798,0.0
51107611013,0.14772841714455798,0.0
51107611014,0.14772841714455798,0.0
51107611015,0.14772841714455798,0.0
51107611016,0.14772841714455798,0.0
51107611017,0.14772841714455798,0.0
51107611018,0.14772841714455798,0.0
51107611019,0.14772841714455798,0.0
51107611020,0.14772841714455798,0.0
51107611021,0.14772841714455798,0.0
51107611022,0.14772841714455798,0.0
51107611023,0.14772841714455798,0.0
51107611024,0.14772841714455798,0.0
51107611025,0.14772841714455798,0.0
51107611101,0.14772841714455798,0.0
51107611102,0.14772841714455798,0.0
51107611202,0.14772841714455798,0.0
51107611204,0.14772841714455798,0.0
51107611205,0.14772841714455798,0.0
51107611206,0.14772841714455798,0.0
51107611207,0.14772841714455798,0.0
51107611208,0.14772841714455798,0.0
51107611209,0.14772841714455798,0.0
51107611300,0.14772841714455798,0.0
51107611400,0.14772841714455798,0.0
51107611501,0.14772841714455798,0.0
51107611502,0.14772841714455798,0.0
51107611601,0.14772841714455798,0.0
51107611602,0.14772841714455798,0.0
51107611700,0.14772841714455798,0.0
51107611801,0.14772841714455798,0.0
51107611802,0.14772841714455798,0.0
51107611803,0.14772841714455798,0.0
51107611804,0.14772841714455798,0.0
51107611805,0.14772841714455798,0.0
51107611806,0.14772841714455798,0.0
51107611900,0.14772841714455798,0.0
51107980100,0.14772841714455798,0.0
51109950100,0.09531271530875882,0.0
51109950201,0.06288067254027238,0.0
51109950202,0.299242599692604,0.0
51109950300,0.06288067254027238,0.0
51109950400,0.07909669392451558,0.0
51109950500,0.09531271530875882,0.0
51111930100,0.0,0.0
51111930200,0.0,0.0
51111930300,0.0,0.0
51113930100,0.299242599692604,0.0
51113930200,0.0,0.0
51115951300,0.0,0.0
51115951400,0.0,0.0
51117930101,0.0,0.0
51117930102,0.0,0.0
51117930200,0.0,0.0
51117930300,0.0,0.0
51117930400,0.0,0.0
51117930500,0.0,0.0
51117930600,0.0,0.0
51117930700,0.0,0.0
51117930800,0.0,0.0
51119950900,0.0,0.0
51119951000,0.0,0.0
51119951100,0.0,0.0
51119951200,0.0,0.0
51121020100,0.17891654808290955,0.0
51121020201,0.0,0.0
51121020202,0.17891654808290955,0.0
51121020300,0.0,0.0
51121020400,0.0,0.0
51121020500,0.0,0.0
51121020600,0.0,0.0
51121020700,0.17891654808290955,0.0
51121020800,0.17891654808290955,0.0
51121020900,0.17891654808290955,0.0
51121021000,0.17891654808290955,0.0
51121021100,0.17891654808290955,0.0
51121021200,0.0,0.0
51121021300,0.0,0.0
51121021400,0.17891654808290955,0.0
51121021500,0.17891654808290955,0.0
51125950100,0.06151082777209872,0.0
51125950200,0.03144033627013619,0.0
51125950300,0.060140983003925064,0.0
51127700100,0.09251804094352922,0.0
51127700200,0.09251804094352922,0.0
51127700300,0.08567852694845142,0.0
51131930100,0.0,0.0
51131930200,0.0,0.0
51131930300,0.0,0.0
51131990100,0.0,0.0
51133020100,0.0,0.0
51133020200,0.0,0.0
51133020300,0.0,0.0
51135000100,0.08972336657829964,0.0
51135000200,0.0,0.0
51135000300,0.0,0.0
51135980100,0.0,0.0
51137110102,0.5356045268449358,0.0
51137110103,8.977752069019875,0.0022886544373706976
51137110104,8.977752069019875,0.0022886544373706976
51137110200,0.299242599692604,0.0
51137110300,0.299242599692604,0.0
51139030100,0.0,0.0
51139030200,0.0,0.0
51139030300,0.0,0.0
51139030400,0.0,0.0
51139030500,0.0,0.0
51141030100,0.0,0.0
51141030200,0.0,0.0
51141030301,0.0,0.0
51141030302,0.0,0.0
51143010100,0.060140983003925064,0.0
51143010200,0.060140983003925064,0.0
51143010300,0.028112510277692366,0.0
51143010400,0.014056255138846183,0.0
51143010500,0.028112510277692366,0.0
51143010600,0.04412674664080871,0.0
51143010700,0.028112510277692366,0.0
51143010801,0.22704869719616652,2.1686499956626997e-05
51143010802,0.2523432470164291,2.1686499956626997e-05
51143010900,0.2523432470164291,2.1686499956626997e-05
51143011001,0.22704869719616652,2.1686499956626997e-05
51143011002,0.014056255138846183,0.0
51143011100,0.014056255138846183,0.0
51143011200,0.4446894514805558,6.7030999865938e-05
51143011300,0.4446894514805558,6.7030999865938e-05
51143011400,0.4446894514805558,6.7030999865938e-05
51145500101,0.09251804094352922,0.0
51145500102,0.09251804094352922,0.0
51145500200,0.0,0.0
51145500300,0.09251804094352922,0.0
51145500400,0.08972336657829964,0.0
51147930100,0.0,0.0
51147930201,0.0,0.0
51147930202,0.060140983003925064,0.0
51147930203,0.0,0.0
51147930300,0.0,0.0
51149850100,0.7341984315383452,6.964135126169019e-05
51149850200,0.7341984315383452,6.964135126169019e-05
51149850301,0.7341984315383452,6.964135126169019e-05
51149850302,0.7341984315383452,6.964135126169019e-05
51149850400,0.08972336657829964,0.0
51149850501,0.08972336657829964,0.0
51149850502,0.7341984315383452,6.964135126169019e-05
51153900100,1.3260384110356753,0.00013303837156658635
51153900201,1.3260384110356753,0.00013303837156658635
51153900202,1.3260384110356753,0.00013303837156658635
51153900203,1.3260384110356753,0.00013303837156658635
51153900300,1.3260384110356753,0.00013303837156658635
51153900403,0.14772841714455798,0.0
51153900404,0.14772841714455798,0.0
51153900407,0.14772841714455798,0.0
51153900408,0.14772841714455798,0.0
51153900409,0.14772841714455798,0.0
51153900410,0.34166647199474687,0.0
51153900501,0.14772841714455798,0.0
51153900502,0.14772841714455798,0.0
51153900600,0.14772841714455798,0.0
51153900701,0.14772841714455798,0.0
51153900702,0.14772841714455798,0.0
51153900801,0.14772841714455798,0.0
51153900802,0.14772841714455798,0.0
51153900901,0.34166647199474687,0.0
51153900904,0.14772841714455798,0.0
51153900905,0.34166647199474687,0.0
51153901001,0.14772841714455798,0.0
51153901005,0.14772841714455798,0.0
51153901008,0.14772841714455798,0.0
51153901009,0.14772841714455798,0.0
51153901010,0.14772841714455798,0.0
51153901011,0.14772841714455798,0.0
51153901012,0.14772841714455798,0.0
51153901100,0.14772841714455798,0.0
51153901203,0.14772841714455798,0.0
51153901208,1.3260384110356753,0.00013303837156658635
51153901209,0.14772841714455798,0.0
51153901211,0.14772841714455798,0.0
51153901212,0.14772841714455798,0.0
51153901219,0.14772841714455798,0.0
51153901221,0.14772841714455798,0.0
51153901222,0.14772841714455798,0.0
51153901223,0.14772841714455798,0.0
51153901224,0.14772841714455798,0.0
51153901225,0.14772841714455798,0.0
51153901226,0.14772841714455798,0.0
51153901227,0.14772841714455798,0.0
51153901228,0.14772841714455798,0.0
51153901229,0.14772841714455798,0.0
51153901230,0.14772841714455798,0.0
51153901231,0.14772841714455798,0.0
51153901232,0.14772841714455798,0.0
51153901233,0.14772841714455798,0.0
51153901234,0.14772841714455798,0.0
51153901235,0.14772841714455798,0.0
51153901236,0.14772841714455798,0.0
51153901237,0.14772841714455798,0.0
51153901303,0.14772841714455798,0.0
51153901304,0.14772841714455798,0.0
51153901305,0.14772841714455798,0.0
51153901306,0.14772841714455798,0.0
51153901403,0.14772841714455798,0.0
51153901407,0.14772841714455798,0.0
51153901408,0.14772841714455798,0.0
51153901409,0.14772841714455798,0.0
51153901410,0.14772841714455798,0.0
51153901411,0.14772841714455798,0.0
51153901412,0.14772841714455798,0.0
51153901413,0.14772841714455798,0.0
51153901414,0.14772841714455798,0.0
51153901415,0.14772841714455798,0.0
51153901416,0.14772841714455798,0.0
51153901417,0.14772841714455798,0.0
51153901503,0.14772841714455798,0.0
51153901504,0.14772841714455798,0.0
51153901505,0.14772841714455798,0.0
51153901506,0.14772841714455798,0.0
51153901507,0.14772841714455798,0.0
51153901508,0.14772841714455798,0.0
51153901509,0.14772841714455798,0.0
51153901510,0.14772841714455798,0.0
51153901511,0.14772841714455798,0.0
51153901601,0.14772841714455798,0.0
51153901602,0.14772841714455798,0.0
51153901701,0.14772841714455798,0.0
51153901702,0.14772841714455798,0.0
51153901900,1.3260384110356753,0.00013303837156658635
51153980100,0.0,0.0
51155210100,0.0,0.0
51155210201,0.0,0.0
51155210202,0.0,0.0
51155210300,0.0,0.0
51155210400,0.0,0.0
51155210500,0.0,0.0
51155210600,0.0,0.0
51155210700,0.0,0.0
51155980100,0.0,0.0
51155980200,0.0,0.0
51157950100,0.0,0.0
51157950200,0.0,0.0
51159040100,0.0,0.0
51159040200,0.0,0.0
51161030100,0.17891654808290955,0.0
51161030201,2.9989821392944838,0.00045023577938868147
51161030203,2.9989821392944838,0.00045023577938868147
51161030204,2.9989821392944838,0.00045023577938868147
51161030205,2.9989821392944838,0.00045023577938868147
51161030300,1.6059890149346883,0.000145664516861044
51161030500,0.17891654808290955,0.0
51161030600,2.9989821392944838,0.00045023577938868147
51161030701,2.9989821392944838,0.00045023577938868147
51161030702,4.098040934660928,0.0006621114402774727
51161030801,4.098040934660928,0.0006621114402774727
51161030802,4.098040934660928,0.0006621114402774727
51161030900,2.830138640835545,0.00045023577938868147
51161031000,2.9989821392944838,0.00045023577938868147
51161031101,2.9989821392944838,0.00045023577938868147
51161031102,2.9989821392944838,0.00045023577938868147
51161031201,2.9989821392944838,0.00045023577938868147
51161031202,2.9989821392944838,0.00045023577938868147
51163930100,0.0,0.0
51163930200,0.0,0.0
51163930300,0.0,0.0
51163930400,0.060140983003925064,0.0
51165010100,0.03144033627013619,0.0
51165010200,0.03144033627013619,0.0
51165010300,0.0,0.0
51165010400,0.0,0.0
51165010500,0.0,0.0
51165010600,0.0,0.0
51165010700,0.0,0.0
51165010800,0.0,0.0
51165010900,0.0,0.0
51165011000,0.0,0.0
51165011100,0.0,0.0
51165011200,0.0,0.0
51165011400,0.0,0.0
51165011500,0.0,0.0
51165011600,0.0,0.0
51165011700,0.0,0.0
51165011800,0.0,0.0
51165011900,0.0,0.0
51165012000,0.0,0.0
51167030100,0.0,0.0
51167030200,0.0,0.0
51167030300,0.13269788888330375,0.0
51167030401,0.0,0.0
51167030402,0.0,0.0
51167030500,0.0,0.0
51167030600,0.0,0.0
51169030100,0.13269788888330375,0.0
51169030200,1.1911215264048933,0.00012932028961866682
51169030300,0.13269788888330375,0.0
51169030400,0.13269788888330375,0.0
51169030500,0.13269788888330375,0.0
51169030600,0.13269788888330375,0.0
51171040100,0.0,0.0
51171040201,0.0,0.0
51171040202,0.0,0.0
51171040300,0.0,0.0
51171040400,0.0,0.0
51171040500,0.0,0.0
51171040600,0.0,0.0
51171040700,0.0,0.0
51171040800,0.0,0.0
51173030100,0.0,0.0
51173030200,0.0,0.0
51173030301,0.0,0.0
51173030302,0.0,0.0
51173030400,0.0,0.0
51173030500,0.0,0.0
51173030600,0.0,0.0
51173030701,0.0,0.0
51173030702,0.0,0.0
51175200100,0.0,0.0
51175200200,0.0,0.0
51175200300,0.0,0.0
51175200400,0.0,0.0
51175200500,0.0,0.0
51177020104,8.977752069019875,0.0022886544373706976
51177020105,4.807688252870018,0.0007404470238552257
51177020106,4.807688252870018,0.0007404470238552257
51177020107,0.5356045268449358,0.0
51177020108,0.5356045268449358,0.0
51177020109,4.807688252870018,0.0007404470238552257
51177020110,4.807688252870018,0.0007404470238552257
51177020111,4.807688252870018,0.0007404470238552257
51177020112,4.807688252870018,0.0007404470238552257
51177020113,0.5356045268449358,0.0
51177020114,4.807688252870018,0.0007404470238552257
51177020201,0.5356045268449358,0.0
51177020202,0.3154586210768473,0.0
51177020203,0.5356045268449358,0.0
51177020204,0.3154586210768473,0.0
51177020205,0.3154586210768473,0.0
51177020304,0.3154586210768473,0.0
51177020305,0.3154586210768473,0.0
51177020306,0.3154586210768473,0.0
51177020307,0.5356045268449358,0.0
51177020308,0.5356045268449358,0.0
51177020309,0.5356045268449358,0.0
51177020310,0.5356045268449358,0.0
51177020311,0.3154586210768473,0.0
51177020403,0.0,0.0
51177020404,0.5356045268449358,0.0
51177020405,0.5356045268449358,0.0
51177020406,0.5356045268449358,0.0
51177020407,0.5356045268449358,0.0
51177020408,8.977752069019875,0.0022886544373706976
51179010103,0.34166647199474687,0.0
51179010105,0.34166647199474687,0.0
51179010106,0.34166647199474687,0.0
51179010107,0.0,0.0
51179010108,0.34166647199474687,0.0
51179010201,0.14772841714455798,0.0
51179010202,0.5356045268449358,0.0
51179010204,0.34166647199474687,0.0
51179010205,0.34166647199474687,0.0
51179010206,0.34166647199474687,0.0
51179010207,0.34166647199474687,0.0
51179010210,0.34166647199474687,0.0
51179010211,0.34166647199474687,0.0
51179010212,0.34166647199474687,0.0
51179010213,0.34166647199474687,0.0
51179010214,0.34166647199474687,0.0
51179010301,0.5356045268449358,0.0
51179010303,0.5356045268449358,0.0
51179010304,0.5356045268449358,0.0
51179010305,0.5356045268449358,0.0
51179010403,0.5356045268449358,0.0
51179010404,0.5356045268449358,0.0
51179010405,0.5356045268449358,0.0
51179010406,0.5356045268449358,0.0
51179010502,0.5356045268449358,0.0
51179010503,0.5356045268449358,0.0
51179010504,0.5356045268449358,0.0
51181860100,0.0,0.0
51181860200,0.0,0.0
51183870100,0.04486168328914982,0.0
51183870201,0.04486168328914982,0.0
51183870202,0.08972336657829964,0.0
51183870300,0.04486168328914982,0.0
51183870400,0.04486168328914982,0.0
51185020100,0.0,0.0
51185020200,0.0,0.0
51185020300,0.0,0.0
51185020400,0.0,0.0
51185020500,0.0,0.0
51185020600,0.0,0.0
51185020700,0.0,0.0
51185020800,0.0,0.0
51185020900,0.0,0.0
51185021000,0.0,0.0
51185021100,0.0,0.0
51187020100,0.0,0.0
51187020200,0.0,0.0
51187020300,0.0,0.0
51187020400,0.0,0.0
51187020500,0.0,0.0
51187020601,0.0,0.0
51187020602,0.0,0.0
51187020700,0.0,0.0
51191010100,0.0,0.0
51191010200,0.0,0.0
51191010300,0.0,0.0
51191010401,0.0,0.0
51191010402,0.0,0.0
51191010501,0.0,0.0
51191010502,0.0,0.0
51191010601,0.0,0.0
51191010602,0.0,0.0
51191010700,0.0,0.0
51191010800,0.0,0.0
51191010900,0.0,0.0
51191011000,0.0,0.0
51193010100,0.0,0.0
51193010200,0.0,0.0
51193010300,0.0,0.0
51193010400,0.0,0.0
51195930700,0.13269788888330375,0.0
51195930800,0.13269788888330375,0.0
51195930900,1.1911215264048933,0.00012932028961866682
51195931000,0.13269788888330375,0.0
51195931100,2.224269375567758,0.00039971725882133384
51195931200,3.0394135501366235,0.0005878194982666674
51195931300,2.224269375567758,0.00039971725882133384
51195931400,0.13269788888330375,0.0
51195931500,0.13269788888330375,0.0
51195931600,0.13269788888330375,0.0
51195931700,0.13269788888330375,0.0
51197050100,0.0,0.0
51197050200,,
51197050301,0.0,0.0
51197050302,0.0,0.0
51197050401,0.0,0.0
51197050402,0.0,0.0
51199050203,1.1463190136909347,0.00015704653482825635
51199050204,1.5856542395942592,0.00023095078651214166
51199050205,1.1463190136909347,0.00015704653482825635
51199050206,1.1463190136909347,0.00015704653482825635
51199050303,1.1463190136909347,0.00015704653482825635
51199050304,0.5947028326340085,5.0809173032671166e-05
51199050305,0.5947028326340085,5.0809173032671166e-05
51199050306,0.5947028326340085,5.0809173032671166e-05
51199050401,0.5947028326340085,5.0809173032671166e-05
51199050402,0.5947028326340085,5.0809173032671166e-05
51199050500,0.5947028326340085,5.0809173032671166e-05
51199050900,0.07199949895829577,0.0
51199051000,0.07199949895829577,0.0
51199051100,0.10186246525286141,0.0
51510200102,2.476209658804019,0.00041120951211490327
51510200103,2.476209658804019,0.00041120951211490327
51510200104,2.476209658804019,0.00041120951211490327
51510200105,2.476209658804019,0.00041120951211490327
51510200106,2.476209658804019,0.00041120951211490327
51510200107,2.476209658804019,0.00041120951211490327
51510200201,2.476209658804019,0.00041120951211490327
51510200202,2.476209658804019,0.00041120951211490327
51510200301,2.476209658804019,0.00041120951211490327
51510200302,2.476209658804019,0.00041120951211490327
51510200303,2.476209658804019,0.00041120951211490327
51510200403,2.476209658804019,0.00041120951211490327
51510200404,2.476209658804019,0.00041120951211490327
51510200405,2.476209658804019,0.00041120951211490327
51510200406,2.476209658804019,0.00041120951211490327
51510200407,2.476209658804019,0.00041120951211490327
51510200500,2.476209658804019,0.00041120951211490327
51510200600,2.476209658804019,0.00041120951211490327
51510200701,2.476209658804019,0.00041120951211490327
51510200702,1.3260384110356753,0.00013303837156658635
51510200703,1.3260384110356753,0.00013303837156658635
51510200801,1.3260384110356753,0.00013303837156658635
51510200802,1.3260384110356753,0.00013303837156658635
51510200900,2.476209658804019,0.00041120951211490327
51510201000,2.476209658804019,0.00041120951211490327
51510201100,1.3260384110356753,0.00013303837156658635
51510201202,1.3260384110356753,0.00013303837156658635
51510201203,1.3260384110356753,0.00013303837156658635
51510201204,1.3260384110356753,0.00013303837156658635
51510201300,1.3260384110356753,0.00013303837156658635
51510201400,1.3260384110356753,0.00013303837156658635
51510201500,1.3260384110356753,0.00013303837156658635
51510201600,1.3260384110356753,0.00013303837156658635
51510201801,1.3260384110356753,0.00013303837156658635
51510201802,1.3260384110356753,0.00013303837156658635
51510201900,1.3260384110356753,0.00013303837156658635
51510202001,1.3260384110356753,0.00013303837156658635
51510202002,1.3260384110356753,0.00013303837156658635
51520020100,0.0,0.0
51520020200,0.0,0.0
51520020300,0.0,0.0
51520020400,0.0,0.0
51530930600,0.060140983003925064,0.0
51540000201,1.4402668329462387,0.0002301424996329227
51540000202,1.380016626787133,0.0002301424996329227
51540000302,1.4402668329462387,0.0002301424996329227
51540000401,1.380016626787133,0.0002301424996329227
51540000402,1.380016626787133,0.0002301424996329227
51540000501,1.380016626787133,0.0002301424996329227
51540000502,1.380016626787133,0.0002301424996329227
51540000600,1.380016626787133,0.0002301424996329227
51540000700,1.4402668329462387,0.0002301424996329227
51540000800,1.0539998444845655,0.00015649689975038745
51540000900,1.4402668329462387,0.0002301424996329227
51540001000,1.4402668329462387,0.0002301424996329227
51550020001,2.0877134749767654,0.00029221545397389696
51550020002,2.777736442436936,0.00042972860878514257
51550020003,2.0877134749767654,0.00029221545397389696
51550020100,2.777736442436936,0.00042972860878514257
51550020200,2.777736442436936,0.00042972860878514257
51550020300,2.777736442436936,0.00042972860878514257
51550020400,2.777736442436936,0.00042972860878514257
51550020500,2.0877134749767654,0.00029221545397389696
51550020600,1.976439406513537,0.00029221545397389696
51550020700,1.976439406513537,0.00029221545397389696
51550020804,1.0710882473330317,9.454029393273137e-05
51550020805,1.976439406513537,0.00029221545397389696
51550020806,2.0877134749767654,0.00029221545397389696
51550020807,1.0710882473330317,9.454029393273137e-05
51550020808,1.976439406513537,0.00029221545397389696
51550020809,1.976439406513537,0.00029221545397389696
51550020903,1.976439406513537,0.00029221545397389696
51550020904,1.976439406513537,0.00029221545397389696
51550020905,1.976439406513537,0.00029221545397389696
51550020906,2.0877134749767654,0.00029221545397389696
51550021004,1.0710882473330317,9.454029393273137e-05
51550021005,2.0877134749767654,0.00029221545397389696
51550021006,0.13172543154742705,0.0
51550021009,1.0710882473330317,9.454029393273137e-05
51550021010,2.0877134749767654,0.00029221545397389696
51550021011,1.0710882473330317,9.454029393273137e-05
51550021012,1.0710882473330317,9.454029393273137e-05
51550021013,1.0710882473330317,9.454029393273137e-05
51550021101,1.0710882473330317,9.454029393273137e-05
51550021102,0.13172543154742705,0.0
51550021200,0.13172543154742705,0.0
51550021301,1.0710882473330317,9.454029393273137e-05
51550021302,1.976439406513537,0.00029221545397389696
51550021401,1.976439406513537,0.00029221545397389696
51550021402,1.976439406513537,0.00029221545397389696
51550021403,1.976439406513537,0.00029221545397389696
51550021404,1.976439406513537,0.00029221545397389696
51550021501,1.976439406513537,0.00029221545397389696
51550021502,0.9735053701356621,9.454029393273137e-05
51550021601,1.976439406513537,0.00029221545397389696
51550021602,1.6011204738424543,0.0003430246270065681
51570830100,1.4246287399423976,0.0002152550857179515
51570830200,1.4246287399423976,0.0002152550857179515
51570830300,1.4246287399423976,0.0002152550857179515
51570830400,1.4246287399423976,0.0002152550857179515
51570830500,1.4246287399423976,0.0002152550857179515
51580060100,0.0,0.0
51580060200,0.0,0.0
51590000100,0.4446894514805558,6.7030999865938e-05
51590000200,0.6169738655243011,9.857499980284999e-05
51590000300,0.6169738655243011,9.857499980284999e-05
51590000400,0.6169738655243011,9.857499980284999e-05
51590000500,0.6169738655243011,9.857499980284999e-05
51590000600,0.6169738655243011,9.857499980284999e-05
51590000700,0.6169738655243011,9.857499980284999e-05
51590000800,0.6169738655243011,9.857499980284999e-05
51590000900,0.6169738655243011,9.857499980284999e-05
51590001000,0.6169738655243011,9.857499980284999e-05
51590001100,0.6169738655243011,9.857499980284999e-05
51590001200,0.6169738655243011,9.857499980284999e-05
51590001301,0.4446894514805558,6.7030999865938e-05
51590001302,0.6169738655243011,9.857499980284999e-05
51590001400,0.4446894514805558,6.7030999865938e-05
51590980100,0.4446894514805558,6.7030999865938e-05
51595890100,0.0,0.0
51595890200,0.0,0.0
51600300100,2.476209658804019,0.00041120951211490327
51600300200,2.476209658804019,0.00041120951211490327
51600300300,3.383684221263447,0.0006047198707572107
51600300400,2.476209658804019,0.00041120951211490327
51600300500,3.383684221263447,0.0006047198707572107
51610500100,2.476209658804019,0.00041120951211490327
51610500200,2.476209658804019,0.00041120951211490327
51610500300,2.476209658804019,0.00041120951211490327
51620090100,0.005510426419314677,0.0
51620090200,0.005510426419314677,0.0
51630000100,0.5356045268449358,0.0
51630000200,0.5356045268449358,0.0
51630000301,0.5356045268449358,0.0
51630000302,0.3154586210768473,0.0
51630000400,0.5356045268449358,0.0
51630000500,0.5356045268449358,0.0
51640070101,0.0,0.0
51640070102,0.0,0.0
51650010103,1.1463190136909347,0.00015704653482825635
51650010104,1.198319623279128,0.0002515868287609877
51650010200,1.1463190136909347,0.00015704653482825635
51650010304,1.5856542395942592,0.00023095078651214166
51650010306,1.5177194810335595,0.000325491080444873
51650010307,1.5856542395942592,0.00023095078651214166
51650010309,1.5856542395942592,0.00023095078651214166
51650010310,1.5856542395942592,0.00023095078651214166
51650010311,1.1463190136909347,0.00015704653482825635
51650010312,1.5856542395942592,0.00023095078651214166
51650010313,1.5856542395942592,0.00023095078651214166
51650010314,1.5856542395942592,0.00023095078651214166
51650010400,1.1463190136909347,0.00015704653482825635
51650010501,1.1463190136909347,0.00015704653482825635
51650010502,1.198319623279128,0.0002515868287609877
51650010601,1.198319623279128,0.0002515868287609877
51650010602,1.198319623279128,0.0002515868287609877
51650010701,1.1463190136909347,0.00015704653482825635
51650010702,1.198319623279128,0.0002515868287609877
51650010703,1.1463190136909347,0.00015704653482825635
51650010800,1.198319623279128,0.0002515868287609877
51650010900,1.198319623279128,0.0002515868287609877
51650011000,1.198319623279128,0.0002515868287609877
51650011100,1.198319623279128,0.0002515868287609877
51650011200,1.198319623279128,0.0002515868287609877
51650011300,1.198319623279128,0.0002515868287609877
51650011400,1.198319623279128,0.0002515868287609877
51650011500,1.198319623279128,0.0002515868287609877
51650011600,1.198319623279128,0.0002515868287609877
51650011800,1.198319623279128,0.0002515868287609877
51650011900,1.198319623279128,0.0002515868287609877
51650012000,1.1463190136909347,0.00015704653482825635
51650012100,0.5947028326340085,5.0809173032671166e-05
51660000101,0.0,0.0
51660000102,0.0,0.0
51660000203,0.0,0.0
51660000204,0.0,0.0
51660000205,0.0,0.0
51660000206,0.0,0.0
51660000207,0.0,0.0
51660000301,0.0,0.0
51660000302,0.0,0.0
51660000401,0.0,0.0
51660000402,0.0,0.0
51670820100,1.4246287399423976,0.0002152550857179515
51670820300,1.4246287399423976,0.0002152550857179515
51670820400,0.7341984315383452,6.964135126169019e-05
51670820500,1.4246287399423976,0.0002152550857179515
51670820600,1.4246287399423976,0.0002152550857179515
51670820700,0.7341984315383452,6.964135126169019e-05
51670980100,0.7341984315383452,6.964135126169019e-05
51678930500,0.0,0.0
51680000100,1.0080774293991248,0.0001584138323231
51680000201,1.0080774293991248,0.0001584138323231
51680000202,1.0080774293991248,0.0001584138323231
51680000203,1.0080774293991248,0.0001584138323231
51680000300,1.0080774293991248,0.0001584138323231
51680000400,1.0080774293991248,0.0001584138323231
51680000500,1.0080774293991248,0.0001584138323231
51680000600,1.0080774293991248,0.0001584138323231
51680000700,1.0080774293991248,0.0001584138323231
51680000801,1.0080774293991248,0.0001584138323231
51680000802,1.0080774293991248,0.0001584138323231
51680000900,1.0080774293991248,0.0001584138323231
51680001000,1.377514896423236,0.00023296151812220585
51680001100,1.0080774293991248,0.0001584138323231
51680001400,1.377514896423236,0.00023296151812220585
51680001600,1.377514896423236,0.00023296151812220585
51680001700,1.0080774293991248,0.0001584138323231
51680001800,1.0080774293991248,0.0001584138323231
51680001900,1.0080774293991248,0.0001584138323231
51683910100,0.14772841714455798,0.0
51683910201,0.14772841714455798,0.0
51683910202,0.14772841714455798,0.0
51683910301,0.14772841714455798,0.0
51683910302,0.14772841714455798,0.0
51683910401,0.14772841714455798,0.0
51683910402,0.14772841714455798,0.0
51685920100,0.14772841714455798,0.0
51685920200,0.14772841714455798,0.0
51690000100,0.0015827418655001064,0.0
51690000200,0.0011760213462779676,0.0
51690000300,0.0015827418655001064,0.0
51690000400,0.0015827418655001064,0.0
51690000500,0.0015827418655001064,0.0
51700030100,1.198319623279128,0.0002515868287609877
51700030300,1.1463190136909347,0.00015704653482825635
51700030400,1.198319623279128,0.0002515868287609877
51700030500,1.1463190136909347,0.00015704653482825635
51700030600,1.198319623279128,0.0002515868287609877
51700030800,1.198319623279128,0.0002515868287609877
51700030900,1.1463190136909347,0.00015704653482825635
51700031100,1.1463190136909347,0.00015704653482825635
51700031200,1.198319623279128,0.0002515868287609877
51700031300,1.1463190136909347,0.00015704653482825635
51700031400,1.1463190136909347,0.00015704653482825635
51700031500,1.1463190136909347,0.00015704653482825635
51700031601,1.5856542395942592,0.00023095078651214166
51700031602,,
51700031701,1.1463190136909347,0.00015704653482825635
51700031702,1.1463190136909347,0.00015704653482825635
51700031800,1.1463190136909347,0.00015704653482825635
51700031901,1.1463190136909347,0.00015704653482825635
51700031902,1.1463190136909347,0.00015704653482825635
51700032001,0.5947028326340085,5.0809173032671166e-05
51700032002,1.1463190136909347,0.00015704653482825635
51700032005,1.1463190136909347,0.00015704653482825635
51700032006,1.1463190136909347,0.00015704653482825635
51700032007,1.1463190136909347,0.00015704653482825635
51700032113,1.1463190136909347,0.00015704653482825635
51700032114,1.1463190136909347,0.00015704653482825635
51700032117,1.5856542395942592,0.00023095078651214166
51700032123,0.5947028326340085,5.0809173032671166e-05
51700032124,0.5947028326340085,5.0809173032671166e-05
51700032126,1.1463190136909347,0.00015704653482825635
51700032127,1.1463190136909347,0.00015704653482825635
51700032128,1.1463190136909347,0.00015704653482825635
51700032129,1.1463190136909347,0.00015704653482825635
51700032130,1.1463190136909347,0.00015704653482825635
51700032131,0.5947028326340085,5.0809173032671166e-05
51700032132,1.1463190136909347,0.00015704653482825635
51700032211,0.5947028326340085,5.0809173032671166e-05
51700032212,1.1463190136909347,0.00015704653482825635
51700032223,0.5947028326340085,5.0809173032671166e-05
51700032224,0.5947028326340085,5.0809173032671166e-05
51700032225,0.5947028326340085,5.0809173032671166e-05
51700032226,0.5947028326340085,5.0809173032671166e-05
51700032300,,
51700032400,1.1463190136909347,0.00015704653482825635
51710000100,1.6633286698659355,0.0003430246270065681
51710000201,1.6633286698659355,0.0003430246270065681
51710000202,1.6633286698659355,0.0003430246270065681
51710000300,1.6633286698659355,0.0003430246270065681
51710000400,1.6633286698659355,0.0003430246270065681
51710000500,1.6633286698659355,0.0003430246270065681
51710000600,1.6633286698659355,0.0003430246270065681
51710000700,1.6633286698659355,0.0003430246270065681
51710000800,1.6633286698659355,0.0003430246270065681
51710000901,1.6633286698659355,0.0003430246270065681
51710000902,1.6633286698659355,0.0003430246270065681
51710001100,2.0877134749767654,0.00029221545397389696
51710001200,1.6633286698659355,0.0003430246270065681
51710001300,2.3496163992393164,0.00048053778181781373
51710001400,2.3496163992393164,0.00048053778181781373
51710001500,1.6633286698659355,0.0003430246270065681
51710001600,1.6633286698659355,0.0003430246270065681
51710001700,2.3496163992393164,0.00048053778181781373
51710002000,2.3496163992393164,0.00048053778181781373
51710002100,2.3496163992393164,0.00048053778181781373
51710002200,2.3496163992393164,0.00048053778181781373
51710002300,2.777736442436936,0.00042972860878514257
51710002400,2.893936572499039,0.00042972860878514257
51710002500,2.777736442436936,0.00042972860878514257
51710002600,2.777736442436936,0.00042972860878514257
51710002700,2.777736442436936,0.00042972860878514257
51710002800,2.777736442436936,0.00042972860878514257
51710002900,2.777736442436936,0.00042972860878514257
51710003000,2.777736442436936,0.00042972860878514257
51710003100,2.3496163992393164,0.00048053778181781373
51710003200,2.893936572499039,0.00042972860878514257
51710003300,2.893936572499039,0.00042972860878514257
51710003400,2.777736442436936,0.00042972860878514257
51710003501,2.777736442436936,0.00042972860878514257
51710003600,2.777736442436936,0.00042972860878514257
51710003700,2.777736442436936,0.00042972860878514257
51710003800,2.777736442436936,0.00042972860878514257
51710004001,2.777736442436936,0.00042972860878514257
51710004002,2.777736442436936,0.00042972860878514257
51710004100,2.777736442436936,0.00042972860878514257
51710004200,2.777736442436936,0.00042972860878514257
51710004300,2.777736442436936,0.00042972860878514257
51710004400,2.777736442436936,0.00042972860878514257
51710004500,2.777736442436936,0.00042972860878514257
51710004600,2.777736442436936,0.00042972860878514257
51710004700,2.777736442436936,0.00042972860878514257
51710004800,2.777736442436936,0.00042972860878514257
51710004900,2.777736442436936,0.00042972860878514257
51710005000,2.777736442436936,0.00042972860878514257
51710005100,2.777736442436936,0.00042972860878514257
51710005500,1.6633286698659355,0.0003430246270065681
51710005601,1.6633286698659355,0.0003430246270065681
51710005602,1.6633286698659355,0.0003430246270065681
51710005701,1.6633286698659355,0.0003430246270065681
51710005702,1.6633286698659355,0.0003430246270065681
51710005800,1.6633286698659355,0.0003430246270065681
51710005901,2.0877134749767654,0.00029221545397389696
51710005902,2.0877134749767654,0.00029221545397389696
51710005903,2.0877134749767654,0.00029221545397389696
51710006000,2.893936572499039,0.00042972860878514257
51710006100,2.893936572499039,0.00042972860878514257
51710006200,2.0877134749767654,0.00029221545397389696
51710006400,2.893936572499039,0.00042972860878514257
51710006501,1.6633286698659355,0.0003430246270065681
51710006502,1.6633286698659355,0.0003430246270065681
51710006601,1.6633286698659355,0.0003430246270065681
51710006602,2.0877134749767654,0.00029221545397389696
51710006603,2.0877134749767654,0.00029221545397389696
51710006604,2.0877134749767654,0.00029221545397389696
51710006605,2.0877134749767654,0.00029221545397389696
51710006606,1.6633286698659355,0.0003430246270065681
51710006607,2.0877134749767654,0.00029221545397389696
51710006800,2.0877134749767654,0.00029221545397389696
51710006901,2.0877134749767654,0.00029221545397389696
51710006902,2.0877134749767654,0.00029221545397389696
51710007001,2.0877134749767654,0.00029221545397389696
51710007002,2.893936572499039,0.00042972860878514257
51710980100,2.0877134749767654,0.00029221545397389696
51710980200,2.893936572499039,0.00042972860878514257
51710980300,2.0877134749767654,0.00029221545397389696
51710990000,1.198319623279128,0.0002515868287609877
51720960100,2.224269375567758,0.00039971725882133384
51730810100,1.4246287399423976,0.0002152550857179515
51730810300,1.4246287399423976,0.0002152550857179515
51730810400,1.4246287399423976,0.0002152550857179515
51730810500,1.4246287399423976,0.0002152550857179515
51730810600,1.4246287399423976,0.0002152550857179515
51730810700,1.4246287399423976,0.0002152550857179515
51730810900,1.4246287399423976,0.0002152550857179515
51730811000,0.7341984315383452,6.964135126169019e-05
51730811100,0.7341984315383452,6.964135126169019e-05
51730811200,0.7341984315383452,6.964135126169019e-05
51730811300,1.4246287399423976,0.0002152550857179515
51735340100,1.1463190136909347,0.00015704653482825635
51735340200,1.1463190136909347,0.00015704653482825635
51735340300,1.1463190136909347,0.00015704653482825635
51735990100,1.1463190136909347,0.00015704653482825635
51740210200,1.976439406513537,0.00029221545397389696
51740210300,1.976439406513537,0.00029221545397389696
51740210400,1.976439406513537,0.00029221545397389696
51740210500,2.777736442436936,0.00042972860878514257
51740210600,2.777736442436936,0.00042972860878514257
51740210900,2.777736442436936,0.00042972860878514257
51740211100,2.777736442436936,0.00042972860878514257
51740211400,1.976439406513537,0.00029221545397389696
51740211500,1.976439406513537,0.00029221545397389696
51740211600,1.976439406513537,0.00029221545397389696
51740211700,1.976439406513537,0.00029221545397389696
51740211800,2.777736442436936,0.00042972860878514257
51740211900,2.777736442436936,0.00042972860878514257
51740212000,2.777736442436936,0.00042972860878514257
51740212100,2.777736442436936,0.00042972860878514257
51740212300,1.976439406513537,0.00029221545397389696
51740212400,1.976439406513537,0.00029221545397389696
51740212500,1.976439406513537,0.00029221545397389696
51740212600,1.976439406513537,0.00029221545397389696
51740212701,1.976439406513537,0.00029221545397389696
51740212702,1.976439406513537,0.00029221545397389696
51740212801,1.976439406513537,0.00029221545397389696
51740212802,1.976439406513537,0.00029221545397389696
51740212900,1.976439406513537,0.00029221545397389696
51740213001,1.976439406513537,0.00029221545397389696
51740213002,1.976439406513537,0.00029221545397389696
51740213101,1.6011204738424543,0.0003430246270065681
51740213103,1.976439406513537,0.00029221545397389696
51740213104,1.976439406513537,0.00029221545397389696
51740213200,1.976439406513537,0.00029221545397389696
51740980100,1.976439406513537,0.00029221545397389696
51750010101,0.0,0.0
51750010102,0.17891654808290955,0.0
51750010200,0.0,0.0
51760010200,1.3213250314715859,0.00028387098778960736
51760010300,1.5127275223129681,0.00021422963652791718
51760010401,1.3213250314715859,0.00028387098778960736
51760010402,1.3213250314715859,0.00028387098778960736
51760010500,1.3213250314715859,0.00028387098778960736
51760010600,1.3213250314715859,0.00028387098778960736
51760010700,1.3213250314715859,0.00028387098778960736
51760010800,1.3213250314715859,0.00028387098778960736
51760010900,1.3213250314715859,0.00028387098778960736
51760011000,1.3213250314715859,0.00028387098778960736
51760011100,1.3213250314715859,0.00028387098778960736
51760020100,1.3213250314715859,0.00028387098778960736
51760020200,0.8304595579931074,0.00013895093955013397
51760020300,0.8304595579931074,0.00013895093955013397
51760020400,0.8304595579931074,0.00013895093955013397
51760020500,1.3213250314715859,0.00028387098778960736
51760020600,0.8304595579931074,0.00013895093955013397
51760020700,0.8304595579931074,0.00013895093955013397
51760020800,0.8304595579931074,0.00013895093955013397
51760020900,0.8304595579931074,0.00013895093955013397
51760021000,0.8304595579931074,0.00013895093955013397
51760021100,0.8304595579931074,0.00013895093955013397
51760021200,0.8304595579931074,0.00013895093955013397
51760030100,1.3213250314715859,0.00028387098778960736
51760030200,1.3213250314715859,0.00028387098778960736
51760030500,1.3213250314715859,0.00028387098778960736
51760040200,1.3213250314715859,0.00028387098778960736
51760040300,1.3213250314715859,0.00028387098778960736
51760040400,1.3213250314715859,0.00028387098778960736
51760040500,1.3213250314715859,0.00028387098778960736
51760040600,1.3213250314715859,0.00028387098778960736
51760040700,1.3213250314715859,0.00028387098778960736
51760040800,1.3213250314715859,0.00028387098778960736
51760040900,1.3213250314715859,0.00028387098778960736
51760041000,1.3213250314715859,0.00028387098778960736
51760041100,1.3213250314715859,0.00028387098778960736
51760041200,1.3213250314715859,0.00028387098778960736
51760041300,0.8304595579931074,0.00013895093955013397
51760041400,1.3213250314715859,0.00028387098778960736
51760041600,1.3213250314715859,0.00028387098778960736
51760050100,1.3213250314715859,0.00028387098778960736
51760050200,1.3213250314715859,0.00028387098778960736
51760050300,1.3213250314715859,0.00028387098778960736
51760050400,1.5127275223129681,0.00021422963652791718
51760050500,1.5127275223129681,0.00021422963652791718
51760050600,0.8304595579931074,0.00013895093955013397
51760060200,0.8304595579931074,0.00013895093955013397
51760060400,0.8304595579931074,0.00013895093955013397
51760060500,0.8304595579931074,0.00013895093955013397
51760060600,0.8304595579931074,0.00013895093955013397
51760060700,0.8304595579931074,0.00013895093955013397
51760060800,1.2778079592130112,0.0002845646740063953
51760060900,1.2778079592130112,0.0002845646740063953
51760061000,0.8304595579931074,0.00013895093955013397
51760070100,0.7787801416503412,6.93095882884438e-05
51760070300,0.8304595579931074,0.00013895093955013397
51760070400,0.8304595579931074,0.00013895093955013397
51760070601,0.8304595579931074,0.00013895093955013397
51760070602,0.8304595579931074,0.00013895093955013397
51760070700,0.8304595579931074,0.00013895093955013397
51760070801,0.8304595579931074,0.00013895093955013397
51760070802,1.2778079592130112,0.0002845646740063953
51760070900,1.2778079592130112,0.0002845646740063953
51760071001,0.8304595579931074,0.00013895093955013397
51760071002,0.8304595579931074,0.00013895093955013397
51760071100,0.8304595579931074,0.00013895093955013397
51770000100,2.9989821392944838,0.00045023577938868147
51770000300,2.9989821392944838,0.00045023577938868147
51770000400,2.9989821392944838,0.00045023577938868147
51770000500,4.098040934660928,0.0006621114402774727
51770000601,2.9989821392944838,0.00045023577938868147
51770000602,2.9989821392944838,0.00045023577938868147
51770000900,2.9989821392944838,0.00045023577938868147
51770001000,4.098040934660928,0.0006621114402774727
51770001100,4.098040934660928,0.0006621114402774727
51770001200,4.098040934660928,0.0006621114402774727
51770001800,4.098040934660928,0.0006621114402774727
51770001900,4.098040934660928,0.0006621114402774727
51770002100,4.098040934660928,0.0006621114402774727
51770002200,2.9989821392944838,0.00045023577938868147
51770002300,2.9989821392944838,0.00045023577938868147
51770002400,2.9989821392944838,0.00045023577938868147
51770002500,4.098040934660928,0.0006621114402774727
51770002600,4.098040934660928,0.0006621114402774727
51770002700,4.098040934660928,0.0006621114402774727
51770002800,4.098040934660928,0.0006621114402774727
51770002900,4.098040934660928,0.0006621114402774727
51770003000,4.098040934660928,0.0006621114402774727
51770003100,4.098040934660928,0.0006621114402774727
51775010100,2.9989821392944838,0.00045023577938868147
51775010200,1.6059890149346883,0.000145664516861044
51775010300,2.9989821392944838,0.00045023577938868147
51775010501,2.9989821392944838,0.00045023577938868147
51775010502,1.6059890149346883,0.000145664516861044
51790000100,0.0035401987221064884,0.0
51790000200,0.006303074574442578,0.0
51790000300,0.006303074574442578,0.0
51790000400,0.006303074574442578,0.0
51790000500,0.0035401987221064884,0.0
51790000600,0.006303074574442578,0.0
51800065100,0.06790831016857428,0.0
51800065200,0.5638014769253017,9.454029393273137e-05
51800065300,0.018560622735879304,0.0
51800065400,0.06790831016857428,0.0
51800065500,0.06790831016857428,0.0
51800075101,1.6011204738424543,0.0003430246270065681
51800075102,1.6011204738424543,0.0003430246270065681
51800075201,0.9735053701356621,9.454029393273137e-05
51800075202,0.9735053701356621,9.454029393273137e-05
51800075203,0.9735053701356621,9.454029393273137e-05
51800075204,1.6011204738424543,0.0003430246270065681
51800075301,0.9735053701356621,9.454029393273137e-05
51800075302,0.06790831016857428,0.0
51800075401,0.06790831016857428,0.0
51800075402,0.06790831016857428,0.0
51800075403,0.06790831016857428,0.0
51800075404,0.06790831016857428,0.0
51800075405,0.06790831016857428,0.0
51800075501,0.9735053701356621,9.454029393273137e-05
51800075502,0.06586271577371353,0.0
51800075601,0.06790831016857428,0.0
51800075602,0.06586271577371353,0.0
51800075701,0.06790831016857428,0.0
51800075702,0.018560622735879304,0.0
51800075703,0.018560622735879304,0.0
51800075801,0.06586271577371353,0.0
51800075802,0.007416177111249244,0.0
51800075803,0.007416177111249244,0.0
51810040000,1.0710882473330317,9.454029393273137e-05
51810040200,2.0877134749767654,0.00029221545397389696
51810040402,2.0877134749767654,0.00029221545397389696
51810040403,2.0877134749767654,0.00029221545397389696
51810040404,2.0877134749767654,0.00029221545397389696
51810040600,2.0877134749767654,0.00029221545397389696
51810040801,2.0877134749767654,0.00029221545397389696
51810040802,2.0877134749767654,0.00029221545397389696
51810041002,2.0877134749767654,0.00029221545397389696
51810041003,2.0877134749767654,0.00029221545397389696
51810041004,2.0877134749767654,0.00029221545397389696
51810041200,2.0877134749767654,0.00029221545397389696
51810041400,1.0710882473330317,9.454029393273137e-05
51810041600,2.0877134749767654,0.00029221545397389696
51810041801,2.0877134749767654,0.00029221545397389696
51810041802,1.0710882473330317,9.454029393273137e-05
51810042000,1.0710882473330317,9.454029393273137e-05
51810042201,1.0710882473330317,9.454029393273137e-05
51810042202,1.0710882473330317,9.454029393273137e-05
51810042400,2.0877134749767654,0.00029221545397389696
51810042600,2.0877134749767654,0.00029221545397389696
51810042801,2.0877134749767654,0.00029221545397389696
51810042802,2.0877134749767654,0.00029221545397389696
51810043002,1.0710882473330317,9.454029393273137e-05
51810043003,1.0710882473330317,9.454029393273137e-05
51810043004,1.0710882473330317,9.454029393273137e-05
51810043200,0.13172543154742705,0.0
51810043400,0.10186246525286141,0.0
51810043600,1.0710882473330317,9.454029393273137e-05
51810043800,1.0710882473330317,9.454029393273137e-05
51810044001,1.0710882473330317,9.454029393273137e-05
51810044003,1.0710882473330317,9.454029393273137e-05
51810044004,1.0710882473330317,9.454029393273137e-05
51810044200,1.0710882473330317,9.454029393273137e-05
51810044401,1.0710882473330317,9.454029393273137e-05
51810044402,1.0710882473330317,9.454029393273137e-05
51810044600,1.0710882473330317,9.454029393273137e-05
51810044805,1.0710882473330317,9.454029393273137e-05
51810044806,1.0710882473330317,9.454029393273137e-05
51810044807,1.0710882473330317,9.454029393273137e-05
51810044808,1.0710882473330317,9.454029393273137e-05
51810045000,0.10186246525286141,0.0
51810045200,0.13172543154742705,0.0
51810045405,1.0710882473330317,9.454029393273137e-05
51810045406,1.0710882473330317,9.454029393273137e-05
51810045407,1.0710882473330317,9.454029393273137e-05
51810045408,1.0710882473330317,9.454029393273137e-05
51810045412,0.13172543154742705,0.0
51810045414,1.0710882473330317,9.454029393273137e-05
51810045415,1.0710882473330317,9.454029393273137e-05
51810045417,1.0710882473330317,9.454029393273137e-05
51810045420,0.13172543154742705,0.0
51810045421,1.0710882473330317,9.454029393273137e-05
51810045422,1.0710882473330317,9.454029393273137e-05
51810045423,0.10186246525286141,0.0
51810045424,0.13172543154742705,0.0
51810045425,0.10186246525286141,0.0
51810045426,0.13172543154742705,0.0
51810045427,0.13172543154742705,0.0
51810045428,1.0710882473330317,9.454029393273137e-05
51810045601,2.0877134749767654,0.00029221545397389696
51810045603,2.0877134749767654,0.00029221545397389696
51810045604,2.0877134749767654,0.00029221545397389696
51810045801,2.0877134749767654,0.00029221545397389696
51810045803,2.0877134749767654,0.00029221545397389696
51810045805,2.0877134749767654,0.00029221545397389696
51810045806,2.0877134749767654,0.00029221545397389696
51810045807,2.0877134749767654,0.00029221545397389696
51810045808,2.0877134749767654,0.00029221545397389696
51810045809,2.0877134749767654,0.00029221545397389696
51810045810,2.0877134749767654,0.00029221545397389696
51810046002,2.0877134749767654,0.00029221545397389696
51810046005,2.0877134749767654,0.00029221545397389696
51810046006,2.0877134749767654,0.00029221545397389696
51810046009,2.0877134749767654,0.00029221545397389696
51810046010,2.0877134749767654,0.00029221545397389696
51810046011,2.0877134749767654,0.00029221545397389696
51810046012,2.0877134749767654,0.00029221545397389696
51810046013,1.0710882473330317,9.454029393273137e-05
51810046014,1.0710882473330317,9.454029393273137e-05
51810046015,1.0710882473330317,9.454029393273137e-05
51810046016,1.0710882473330317,9.454029393273137e-05
51810046204,2.0877134749767654,0.00029221545397389696
51810046206,2.0877134749767654,0.00029221545397389696
51810046207,2.0877134749767654,0.00029221545397389696
51810046211,2.0877134749767654,0.00029221545397389696
51810046212,2.0877134749767654,0.00029221545397389696
51810046213,2.0877134749767654,0.00029221545397389696
51810046214,1.0710882473330317,9.454029393273137e-05
51810046216,1.0710882473330317,9.454029393273137e-05
51810046217,1.0710882473330317,9.454029393273137e-05
51810046219,1.0710882473330317,9.454029393273137e-05
51810046220,2.0877134749767654,0.00029221545397389696
51810046221,2.0877134749767654,0.00029221545397389696
51810046222,2.0877134749767654,0.00029221545397389696
51810046223,2.0877134749767654,0.00029221545397389696
51810046224,1.0710882473330317,9.454029393273137e-05
51810046225,1.0710882473330317,9.454029393273137e-05
51810046400,0.13172543154742705,0.0
51810990100,0.0,0.0
51820003100,0.03144033627013619,0.0
51820003200,0.03144033627013619,0.0
51820003300,0.03144033627013619,0.0
51820003400,0.03144033627013619,0.0
51820003500,0.006303074574442578,0.0
51830370100,0.07199949895829577,0.0
51830370200,0.10186246525286141,0.0
51830370300,0.07199949895829577,0.0
51840000100,0.0,0.0
51840000201,0.0,0.0
51840000202,0.0,0.0
51840000301,0.0,0.0
51840000302,0.0,0.0
