origin,dest,cost
51167,51620,434.3
51187,51620,270.6
51165,51620,263.1
51195,51620,471.5
51083,51620,150.4
51053,51620,99.7
51117,51620,101.1
51031,51620,206.2
51007,51620,141.5
51036,51620,111.3
51017,51620,302.2
51127,51620,128.2
51181,51620,68.1
51790,51620,231.3
51600,51620,227
51091,51620,285
51690,51620,210.1
51191,51620,396.4
51139,51620,271.1
51073,51620,108.1
51069,51620,294.1
51093,51620,34.2
51095,51620,104.6
51067,51620,248
51003,51620,197.6
51099,51620,184.4
51125,51620,238.7
51175,51620,20.1
51061,51620,226.5
51005,51620,305.2
51153,51620,214.9
51041,51620,120
51027,51620,455.3
51149,51620,77.6
51089,51620,211.2
51185,51620,398.9
51131,51620,125.2
51141,51620,249.8
51145,51620,138.6
51171,51620,294.7
51193,51620,188.1
51177,51620,174.7
51033,51620,153.8
51023,51620,298.2
51163,51620,264.5
51133,51620,181.6
51051,51620,490.2
51179,51620,185.8
51085,51620,128.7
51015,51620,235.6
51081,51620,47.1
51037,51620,168.5
51143,51620,195.5
51119,51620,136.7
51159,51620,171.8
51059,51620,228.6
51029,51620,196.1
51199,51620,93.8
51147,51620,160.2
51057,51620,165.8
51097,51620,153.8
51157,51620,252.7
51019,51620,243.9
51121,51620,321.2
51107,51620,260.6
51109,51620,180.2
51047,51620,216.3
51087,51620,111.3
51155,51620,330.2
51101,51620,139.2
51009,51620,241.3
51113,51620,228.5
51137,51620,208.7
51001,51620,170.4
51161,51620,288.3
51043,51620,279
51820,51620,219.5
51183,51620,54.6
51079,51620,217.4
51740,51620,53.7
51520,51620,410.2
51660,51620,252.9
51510,51620,226.4
51650,51620,69.6
51021,51620,352.8
51730,51620,78.6
51610,51620,232.3
51197,51620,345.9
51680,51620,218.1
51710,51620,63.1
51700,51620,73.3
51540,51620,190.3
51013,51620,231.6
51550,51620,70.3
51670,51620,84.2
51035,51620,302.9
51115,51620,131.4
51077,51620,352.1
51640,51620,319.5
51775,51620,285.6
51620,51620,2.9
51830,51620,96.6
51570,51620,92.8
51720,51620,467.4
51760,51620,113.3
51105,51620,500.8
51071,51620,355.5
51590,51620,178.6
51011,51620,188.2
51630,51620,169.9
51800,51620,30.8
51075,51620,155
51025,51620,66.4
51135,51620,128.3
51045,51620,329.5
51580,51620,301.9
51678,51620,261.5
51810,51620,81.9
51173,51620,369.5
51683,51620,219.1
51770,51620,277.7
51049,51620,163.2
51595,51620,41.6
51111,51620,125.3
51750,51620,322.3
51735,51620,81.6
51840,51620,286.1
51065,51620,185
51103,51620,165.8
51169,51620,476.2
51063,51620,289.5
51530,51620,264.7
51685,51620,220.6
51167,51191,41.8
51187,51191,331.7
51165,51191,269.4
51195,51191,79
51083,51191,269.3
51053,51191,354.2
51117,51191,293.9
51031,51191,238.4
51007,51191,312.1
51036,51191,391.3
51017,51191,240
51127,51191,382.3
51181,51191,413.2
51790,51191,236.5
51600,51191,390.1
51091,51191,289.9
51690,51191,186.4
51191,51191,10.2
51139,51191,305.4
51073,51191,414.4
51069,51191,339.1
51093,51191,419.4
51095,51191,401.1
51067,51191,188.1
51003,51191,262.8
51099,51191,401.6
51125,51191,273
51175,51191,389
51061,51191,363.8
51005,51191,220.2
51153,51191,379.8
51041,51191,364
51027,51191,102.8
51149,51191,382.5
51089,51191,185.5
51185,51191,72.7
51131,51191,508.6
51141,51191,144.3
51145,51191,340.5
51171,51191,301.1
51193,51191,426.9
51177,51191,353.7
51033,51191,381.1
51023,51191,180
51163,51191,205.7
51133,51191,438
51051,51191,97.7
51179,51191,384
51085,51191,345.9
51015,51191,238.7
51081,51191,358.2
51037,51191,299.8
51143,51191,239.6
51119,51191,412.1
51159,51191,410.5
51059,51191,393.4
51029,51191,290.5
51199,51191,417.7
51147,51191,284.9
51057,51191,404.5
51097,51191,397.5
51157,51191,334.6
51019,51191,192.7
51121,51191,123.2
51107,51191,381.9
51109,51191,318.8
51047,51191,335.3
51087,51191,351.2
51155,51191,100.2
51101,51191,377.9
51009,51191,243.9
51113,51191,315.4
51137,51191,323.9
51001,51191,553.8
51161,51191,148.2
51043,51191,346.4
51820,51191,243.7
51183,51191,384.6
51079,51191,297.6
51740,51191,442.8
51520,51191,19.3
51660,51191,259.2
51510,51191,412.7
51650,51191,429.8
51021,51191,84.8
51730,51191,361.4
51610,51191,398.6
51197,51191,75.9
51680,51191,225.2
51710,51191,446.4
51700,51191,422.8
51540,51191,272.3
51013,51191,403.9
51550,51191,459.4
51670,51191,369.6
51035,51191,104.9
51115,51191,435.4
51077,51191,104
51640,51191,113
51775,51191,143.8
51620,51191,393.8
51830,51191,403.8
51570,51191,367.6
51720,51191,75
51760,51191,350.7
51105,51191,109.9
51071,51191,131.9
51590,51191,219.2
51011,51191,244.9
51630,51191,367.1
51800,51191,419.9
51075,51191,320.3
51025,51191,333.7
51135,51191,319
51045,51191,184.7
51580,51191,217
51678,51191,199.2
51810,51191,471
51173,51191,41.7
51683,51191,375.6
51770,51191,156
51049,51191,312.2
51595,51191,354.2
51111,51191,339.6
51750,51191,111
51735,51191,432.3
51840,51191,333.5
51065,51191,302.5
51103,51191,446.8
51169,51191,85.2
51063,51191,141.4
51530,51191,201.9
51685,51191,383.3
51167,51005,242.4
51187,51005,171.8
51165,51005,109.5
51195,51005,279.7
51083,51005,183.7
51053,51005,232.9
51117,51005,223.7
51031,51005,128.3
51007,51005,190.8
51036,51005,231.4
51017,51005,42.1
51127,51005,222.5
51181,51005,260
51790,51005,76.6
51600,51005,230.2
51091,51005,97.7
51690,51005,139
51191,51005,204.6
51139,51005,145.5
51073,51005,254.5
51069,51005,179.3
51093,51005,277.1
51095,51005,241.2
51067,51005,105.7
51003,51005,102.9
51099,51005,241.7
51125,51005,118.9
51175,51005,290.8
51061,51005,203.9
51005,51005,16
51153,51005,219.9
51041,51005,217.6
51027,51005,263.5
51149,51005,238.4
51089,51005,137.5
51185,51005,207.1
51131,51005,348.7
51141,51005,165.7
51145,51005,182.6
51171,51005,141.2
51193,51005,267
51177,51005,193.8
51033,51005,221.2
51023,51005,44.7
51163,51005,41.3
51133,51005,278.1
51051,51005,298.4
51179,51005,224.1
51085,51005,186
51015,51005,78.8
51081,51005,265.7
51037,51005,179.4
51143,51005,157.3
51119,51005,252.2
51159,51005,250.6
51059,51005,233.6
51029,51005,140
51199,51005,257.8
51147,51005,163.7
51057,51005,244.7
51097,51005,237.6
51157,51005,174.7
51019,51005,94.1
51121,51005,108
51107,51005,222
51109,51005,158.9
51047,51005,175.5
51087,51005,191.4
51155,51005,120.4
51101,51005,218
51009,51005,89.5
51113,51005,155.5
51137,51005,164.1
51001,51005,394
51161,51005,79.4
51043,51005,186.6
51820,51005,83.8
51183,51005,250.7
51079,51005,137.7
51740,51005,296.1
51520,51005,218.4
51660,51005,99.4
51510,51005,252.8
51650,51005,269.9
51021,51005,160.9
51730,51005,219.5
51610,51005,238.7
51197,51005,154
51680,51005,100.3
51710,51005,286.6
51700,51005,262.9
51540,51005,112.4
51013,51005,244
51550,51005,318.1
51670,51005,217.4
51035,51005,160.9
51115,51005,275.5
51077,51005,185.8
51640,51005,168.9
51775,51005,73
51620,51005,292
51830,51005,243.9
51570,51005,211.2
51720,51005,275.6
51760,51005,190.8
51105,51005,309
51071,51005,136.8
51590,51005,170.8
51011,51005,123.6
51630,51005,207.2
51800,51005,289.9
51075,51005,160.4
51025,51005,243
51135,51005,197.7
51045,51005,84
51580,51005,12.8
51678,51005,40.8
51810,51005,317.8
51173,51005,177.7
51683,51005,215.8
51770,51005,71.9
51049,51005,161.7
51595,51005,262.4
51111,51005,218.7
51750,51005,113
51735,51005,272.5
51840,51005,173.6
51065,51005,142.6
51103,51005,287
51169,51005,284.3
51063,51005,129.4
51530,51005,47.4
51685,51005,223.4
51167,51197,101.4
51187,51197,266.7
51165,51197,204.4
51195,51197,138.6
51083,51197,204.3
51053,51197,289.2
51117,51197,228.9
51031,51197,173.4
51007,51197,247
51036,51197,326.2
51017,51197,175
51127,51197,317.3
51181,51197,348.1
51790,51197,171.4
51600,51197,325.1
51091,51197,224.9
51690,51197,121.4
51191,51197,63.5
51139,51197,240.3
51073,51197,349.3
51069,51197,274.1
51093,51197,354.3
51095,51197,336
51067,51197,123
51003,51197,197.7
51099,51197,336.6
51125,51197,208
51175,51197,324
51061,51197,298.7
51005,51197,155.2
51153,51197,314.7
51041,51197,299
51027,51197,123.6
51149,51197,317.4
51089,51197,120.5
51185,51197,67.2
51131,51197,443.5
51141,51197,79.3
51145,51197,275.5
51171,51197,236
51193,51197,361.9
51177,51197,288.7
51033,51197,316
51023,51197,114.9
51163,51197,140.6
51133,51197,372.9
51051,51197,157.3
51179,51197,318.9
51085,51197,280.8
51015,51197,173.7
51081,51197,293.1
51037,51197,234.7
51143,51197,174.6
51119,51197,347.1
51159,51197,345.5
51059,51197,328.4
51029,51197,225.4
51199,51197,352.7
51147,51197,219.9
51057,51197,339.5
51097,51197,332.4
51157,51197,269.5
51019,51197,127.7
51121,51197,58.2
51107,51197,316.8
51109,51197,253.7
51047,51197,270.3
51087,51197,286.2
51155,51197,35.1
51101,51197,312.9
51009,51197,178.9
51113,51197,250.3
51137,51197,258.9
51001,51197,488.8
51161,51197,83.1
51043,51197,281.4
51820,51197,178.7
51183,51197,319.6
51079,51197,232.5
51740,51197,377.8
51520,51197,77.3
51660,51197,194.2
51510,51197,347.6
51650,51197,364.7
51021,51197,21.1
51730,51197,296.3
51610,51197,333.5
51197,51197,11.1
51680,51197,160.1
51710,51197,381.4
51700,51197,357.7
51540,51197,207.2
51013,51197,338.8
51550,51197,394.4
51670,51197,304.6
51035,51197,39.9
51115,51197,370.3
51077,51197,42.9
51640,51197,47.9
51775,51197,78.8
51620,51197,328.7
51830,51197,338.8
51570,51197,302.6
51720,51197,134.5
51760,51197,285.6
51105,51197,167.9
51071,51197,66.9
51590,51197,154.1
51011,51197,179.8
51630,51197,302
51800,51197,354.9
51075,51197,255.2
51025,51197,268.7
51135,51197,253.9
51045,51197,119.6
51580,51197,152
51678,51197,134.1
51810,51197,406
51173,51197,36.6
51683,51197,310.6
51770,51197,91
51049,51197,247.2
51595,51197,289.2
51111,51197,274.5
51750,51197,46
51735,51197,367.3
51840,51197,268.4
51065,51197,237.4
51103,51197,381.8
51169,51197,143.3
51063,51197,76.3
51530,51197,136.8
51685,51197,318.3
51167,51590,261.6
51187,51590,279.3
51165,51590,217
51195,51590,298.8
51083,51590,55.6
51053,51590,147.3
51117,51590,80.2
51031,51590,88.3
51007,51590,132.5
51036,51590,203.5
51017,51590,198.2
51127,51590,219.4
51181,51590,216.2
51790,51590,185.2
51600,51590,302.1
51091,51590,238.9
51690,51590,37.4
51191,51590,223.7
51139,51590,248.9
51073,51590,251.5
51069,51590,286.7
51093,51590,213
51095,51590,238.2
51067,51590,75.3
51003,51590,173.2
51099,51590,259.5
51125,51590,141.5
51175,51590,175.3
51061,51590,264.5
51005,51590,185.2
51153,51590,289.1
51041,51590,184.4
51027,51590,282.6
51149,51590,185.6
51089,51590,38.5
51185,51590,226.2
51131,51590,300.6
51141,51590,77.1
51145,51590,165.8
51171,51590,248.6
51193,51590,275.4
51177,51590,249.8
51033,51590,232.2
51023,51590,144.9
51163,51590,159.9
51133,51590,286.4
51051,51590,317.5
51179,51590,260.9
51085,51590,203.8
51015,51590,189.5
51081,51590,144.5
51037,51590,104.6
51143,51590,29.9
51119,51590,249.2
51159,51590,259
51059,51590,303.7
51029,51590,154.2
51199,51590,254.8
51147,51590,103.4
51057,51590,253
51097,51590,245.9
51157,51590,252
51019,51590,110
51121,51590,148.5
51107,51590,308.4
51109,51590,220.5
51047,51590,236.1
51087,51590,188.4
51155,51590,157.5
51101,51590,226.4
51009,51590,126.8
51113,51590,216.1
51137,51590,225.6
51001,51590,345.9
51161,51590,115.6
51043,51590,294
51820,51590,171.4
51183,51590,170.9
51079,51590,202.2
51740,51590,229.2
51520,51590,237.5
51660,51590,206.8
51510,51590,301.4
51650,51590,245.1
51021,51590,180.1
51730,51590,164.5
51610,51590,307.4
51197,51590,173.2
51680,51590,96.3
51710,51590,238.6
51700,51590,248.7
51540,51590,173.2
51013,51590,306.7
51550,51590,245.8
51670,51590,172.7
51035,51590,130.2
51115,51590,272.5
51077,51590,179.4
51640,51590,146.8
51775,51590,112.9
51620,51590,180.1
51830,51590,240.7
51570,51590,175.3
51720,51590,294.7
51760,51590,187.5
51105,51590,328.1
51071,51590,182.8
51590,51590,4.3
51011,51590,112.5
51630,51590,245
51800,51590,206.2
51075,51590,189.7
51025,51590,120.1
51135,51590,130.4
51045,51590,156.8
51580,51590,182
51678,51590,153.2
51810,51590,257.4
51173,51590,196.8
51683,51590,285.3
51770,51590,105
51049,51590,147.9
51595,51590,140.5
51111,51590,125.9
51750,51590,149.6
51735,51590,257
51840,51590,281
51065,51590,187
51103,51590,284
51169,51590,303.5
51063,51590,116.8
51530,51590,142.4
51685,51590,294.1
51167,51025,370.3
51187,51025,244.8
51165,51025,233.3
51195,51025,407.6
51083,51025,86.5
51053,51025,34.9
51117,51025,37.1
51031,51025,138.5
51007,51025,75.9
51036,51025,91.1
51017,51025,242
51127,51025,107.1
51181,51025,103.9
51790,51025,201.5
51600,51025,201.1
51091,51025,255.2
51690,51025,146.1
51191,51025,332.5
51139,51025,241.2
51073,51025,139.1
51069,51025,268.2
51093,51025,109.8
51095,51025,125.8
51067,51025,184.1
51003,51025,167.8
51099,51025,158.6
51125,51025,174
51175,51025,72.1
51061,51025,200.6
51005,51025,245
51153,51025,189.1
51041,51025,84.2
51027,51025,391.4
51149,51025,73.2
51089,51025,147.3
51185,51025,335
51131,51025,197.4
51141,51025,185.9
51145,51025,102.7
51171,51025,264.9
51193,51025,165.2
51177,51025,148.8
51033,51025,130.9
51023,51025,222
51163,51025,203.7
51133,51025,176.3
51051,51025,426.3
51179,51025,159.9
51085,51025,102.8
51015,51025,205.8
51081,51025,41.3
51037,51025,101.4
51143,51025,131.6
51119,51025,136.8
51159,51025,148.8
51059,51025,202.7
51029,51025,119.9
51199,51025,142.5
51147,51025,84.1
51057,51025,142.9
51097,51025,135.8
51157,51025,226.9
51019,51025,167.7
51121,51025,252.7
51107,51025,234.8
51109,51025,150.5
51047,51025,190.4
51087,51025,82.6
51155,51025,265.1
51101,51025,116.2
51009,51025,165.2
51113,51025,198.7
51137,51025,179
51001,51025,242.7
51161,51025,222
51043,51025,253.1
51820,51025,189.7
51183,51025,58.6
51079,51025,187.5
51740,51025,125.9
51520,51025,346.3
51660,51025,223.1
51510,51025,200.5
51650,51025,141.9
51021,51025,288.9
51730,51025,52.1
51610,51025,206.5
51197,51025,281.9
51680,51025,142
51710,51025,135.4
51700,51025,145.5
51540,51025,160.5
51013,51025,205.8
51550,51025,142.6
51670,51025,60.4
51035,51025,238.9
51115,51025,160.1
51077,51025,288.2
51640,51025,255.5
51775,51025,217.6
51620,51025,76.9
51830,51025,128.3
51570,51025,62.9
51720,51025,403.5
51760,51025,83.5
51105,51025,436.9
51071,51025,285.7
51590,51025,114.7
51011,51025,112.1
51630,51025,144.1
51800,51025,103
51075,51025,125.2
51025,51025,12.3
51135,51025,52.2
51045,51025,254.3
51580,51025,241.8
51678,51025,197
51810,51025,154.2
51173,51025,305.6
51683,51025,193.3
51770,51025,206.2
51049,51025,110.7
51595,51025,37.3
51111,51025,49.2
51750,51025,257.7
51735,51025,153.8
51840,51025,260.3
51065,51025,152.7
51103,51025,171.7
51169,51025,412.2
51063,51025,225.5
51530,51025,188.5
51685,51025,194.7
51167,51149,396.5
51187,51149,209.1
51165,51149,197.6
51195,51149,433.7
51083,51149,135.6
51053,51149,33.1
51117,51149,86.3
51031,51149,156
51007,51149,76
51036,51149,54.7
51017,51149,236.8
51127,51149,70.7
51181,51149,62.8
51790,51149,165.9
51600,51149,165.5
51091,51149,219.5
51690,51149,195.3
51191,51149,358.6
51139,51149,205.6
51073,51149,102.8
51069,51149,232.6
51093,51149,69
51095,51149,89.5
51067,51149,231.3
51003,51149,132.1
51099,51149,122.9
51125,51149,173.3
51175,51149,78.3
51061,51149,165
51005,51149,239.7
51153,51149,153.4
51041,51149,54
51027,51149,417.5
51149,51149,32.1
51089,51149,196.4
51185,51149,361.1
51131,51149,167.8
51141,51149,235
51145,51149,73.1
51171,51149,229.3
51193,51149,128.9
51177,51149,113.2
51033,51149,94.5
51023,51149,231.3
51163,51149,199.1
51133,51149,139.9
51051,51149,452.4
51179,51149,124.3
51085,51149,67.2
51015,51149,170.2
51081,51149,52.6
51037,51149,118.9
51143,51149,180.7
51119,51149,100.5
51159,51149,112.5
51059,51149,167.1
51029,51149,129.2
51199,51149,106.1
51147,51149,93.4
51057,51149,106.5
51097,51149,99.4
51157,51149,191.2
51019,51149,177
51121,51149,262
51107,51149,199.1
51109,51149,114.9
51047,51149,154.8
51087,51149,47
51155,51149,274.4
51101,51149,79.9
51009,51149,174.5
51113,51149,163
51137,51149,143.3
51001,51149,213
51161,51149,231.3
51043,51149,217.5
51820,51149,154.1
51183,51149,37.5
51079,51149,151.9
51740,51149,96.3
51520,51149,372.4
51660,51149,187.5
51510,51149,164.9
51650,51149,107.5
51021,51149,315
51730,51149,10.5
51610,51149,170.8
51197,51149,308.1
51680,51149,151.3
51710,51149,105.7
51700,51149,111.1
51540,51149,124.9
51013,51149,170.1
51550,51149,112.9
51670,51149,24.3
51035,51149,288.1
51115,51149,123.8
51077,51149,337.3
51640,51149,304.6
51775,51149,227
51620,51149,83.6
51830,51149,91.9
51570,51149,27.3
51720,51149,429.6
51760,51149,47.8
51105,51149,463
51071,51149,295
51590,51149,163.8
51011,51149,121.4
51630,51149,108.4
51800,51149,81.8
51075,51149,89.6
51025,51149,62.8
51135,51149,63.7
51045,51149,263.6
51580,51149,236.5
51678,51149,196
51810,51149,124.5
51173,51149,331.7
51683,51149,157.6
51770,51149,215.6
51049,51149,97.8
51595,51149,49.2
51111,51149,84.9
51750,51149,267
51735,51149,119.4
51840,51149,224.6
51065,51149,119.5
51103,51149,135.3
51169,51149,438.4
51063,51149,274.7
51530,51149,197.8
51685,51149,159.1
51167,51710,483.8
51187,51710,268
51165,51710,262.5
51195,51710,521.1
51083,51710,202.1
51053,51710,120.4
51117,51710,152.8
51031,51710,243.4
51007,51710,156.7
51036,51710,96.2
51017,51710,301.6
51127,51710,92.5
51181,51710,72.2
51790,51710,230.7
51600,51710,224.4
51091,51710,284.4
51690,51710,261.8
51191,51710,446
51139,51710,270.4
51073,51710,73.3
51069,51710,291.5
51093,51710,49.4
51095,51710,68.9
51067,51710,299.7
51003,51710,197
51099,51710,181.8
51125,51710,238.1
51175,51710,71.8
51061,51710,223.9
51005,51710,304.5
51153,51710,212.3
51041,51710,135.1
51027,51710,504.9
51149,51710,92.7
51089,51710,262.9
51185,51710,448.5
51131,51710,72.2
51141,51710,301.6
51145,51710,153.7
51171,51710,293.9
51193,51710,161.1
51177,51710,172.1
51033,51710,151.2
51023,51710,304.2
51163,51710,263.9
51133,51710,146.8
51051,51710,539.8
51179,51710,183.2
51085,51710,126.1
51015,51710,235
51081,51710,98.8
51037,51710,206.3
51143,51710,247.2
51119,51710,101.9
51159,51710,144.7
51059,51710,226
51029,51710,211.9
51199,51710,58.1
51147,51710,180.8
51057,51710,145.4
51097,51710,118.2
51157,51710,250.1
51019,51710,264.4
51121,51710,349.4
51107,51710,258
51109,51710,177.6
51047,51710,213.7
51087,51710,107.3
51155,51710,361.8
51101,51710,117.7
51009,51710,261.9
51113,51710,227.9
51137,51710,206.1
51001,51710,117.5
51161,51710,318.7
51043,51710,276.4
51820,51710,218.9
51183,51710,88.3
51079,51710,216.7
51740,51710,12.5
51520,51710,459.8
51660,51710,252.3
51510,51710,223.8
51650,51710,28.5
51021,51710,402.4
51730,51710,93.8
51610,51710,229.7
51197,51710,395.4
51680,51710,238.7
51710,51710,9
51700,51710,40.8
51540,51710,189.7
51013,51710,229.1
51550,51710,28.1
51670,51710,99.4
51035,51710,354.6
51115,51710,96.6
51077,51710,403.8
51640,51710,371.2
51775,51710,314.3
51620,51710,57.9
51830,51710,60.9
51570,51710,107.9
51720,51710,517
51760,51710,117.3
51105,51710,550.4
51071,51710,382.4
51590,51710,230.4
51011,51710,208.8
51630,51710,167.3
51800,51710,40
51075,51710,154.4
51025,51710,118.2
51135,51710,151.1
51045,51710,346
51580,51710,301.3
51678,51710,260.9
51810,51710,32.3
51173,51710,419.1
51683,51710,216.6
51770,51710,302.9
51049,51710,178.4
51595,51710,93.4
51111,51710,172.3
51750,51710,354.4
51735,51710,44.6
51840,51710,283.5
51065,51710,184.4
51103,51710,131
51169,51710,525.7
51063,51710,341.2
51530,51710,265.2
51685,51710,218
51167,51073,434.9
51187,51073,215
51165,51073,211
51195,51073,472.1
51083,51073,203.9
51053,51073,105.2
51117,51073,158.4
51031,51073,215.9
51007,51073,114.6
51036,51073,51.7
51017,51073,250.1
51127,51073,33.8
51181,51073,92.7
51790,51073,179.2
51600,51073,171.4
51091,51073,232.8
51690,51073,267.4
51191,51073,397
51139,51073,218.9
51073,51073,19.7
51069,51073,238.5
51093,51073,99.9
51095,51073,44.2
51067,51073,290.5
51003,51073,145.5
51099,51073,94.3
51125,51073,186.6
51175,51073,141.7
51061,51073,170.9
51005,51073,253
51153,51073,159.4
51041,51073,93.8
51027,51073,455.9
51149,51073,83.9
51089,51073,268.5
51185,51073,399.5
51131,51073,147.8
51141,51073,307.2
51145,51073,105.9
51171,51073,240.9
51193,51073,72.7
51177,51073,119.1
51033,51073,86.7
51023,51073,252.7
51163,51073,212.4
51133,51073,64.2
51051,51073,490.8
51179,51073,130.2
51085,51073,74.6
51015,51073,183.5
51081,51073,121.5
51037,51073,186.7
51143,51073,251
51119,51073,13.5
51159,51073,56.3
51059,51073,173
51029,51073,164.1
51199,51073,52.7
51147,51073,152.5
51057,51073,57
51097,51073,38
51157,51073,197.1
51019,51073,236.1
51121,51073,300.4
51107,51073,205
51109,51073,126.1
51047,51073,160.7
51087,51073,55.8
51155,51073,312.8
51101,51073,46.4
51009,51073,212.9
51113,51073,176.3
51137,51073,154.6
51001,51073,193.1
51161,51073,271.9
51043,51073,223.4
51820,51073,167.4
51183,51073,106.5
51079,51073,165.2
51740,51073,95.3
51520,51073,410.8
51660,51073,200.8
51510,51073,170.8
51650,51073,68
51021,51073,353.4
51730,51073,80.3
51610,51073,176.8
51197,51073,346.5
51680,51073,210.4
51710,51073,85.7
51700,51073,60.8
51540,51073,138.2
51013,51073,176.1
51550,51073,117.2
51670,51073,69.4
51035,51073,353.3
51115,51073,36.8
51077,51073,378.3
51640,51073,361.4
51775,51073,265.4
51620,51073,127.8
51830,51073,46.9
51570,51073,76.1
51720,51073,468
51760,51073,65.8
51105,51073,501.4
51071,51073,333.4
51590,51073,236
51011,51073,180.5
51630,51073,112.6
51800,51073,109.9
51075,51073,102.9
51025,51073,134.9
51135,51073,135.7
51045,51073,294.5
51580,51073,249.8
51678,51073,209.3
51810,51073,116.9
51173,51073,370.1
51683,51073,163.6
51770,51073,265.3
51049,51073,130.5
51595,51073,118.2
51111,51073,157
51750,51073,305.4
51735,51073,66.3
51840,51073,230.6
51065,51073,132.8
51103,51073,48.4
51169,51073,476.8
51063,51073,321.8
51530,51073,213.6
51685,51073,165
51167,51041,394.1
51187,51041,187.7
51165,51041,176.2
51195,51041,431.3
51083,51041,142.4
51053,51041,43
51117,51041,96.2
51031,51041,154.4
51007,51041,53.1
51036,51041,45.3
51017,51041,215.3
51127,51041,52.8
51181,51041,59.8
51790,51041,144.4
51600,51041,144
51091,51041,198.1
51690,51041,205.2
51191,51041,356.2
51139,51041,184.1
51073,51041,84.9
51069,51041,211.1
51093,51041,76.6
51095,51041,71.6
51067,51041,229
51003,51041,110.7
51099,51041,101.5
51125,51041,151.8
51175,51041,90.4
51061,51041,143.5
51005,51041,218.2
51153,51041,132
51041,51041,30.9
51027,51041,415.1
51149,51041,38.2
51089,51041,206.3
51185,51041,358.7
51131,51041,175.4
51141,51041,244.9
51145,51041,50.2
51171,51041,207.8
51193,51041,111
51177,51041,91.7
51033,51041,74.2
51023,51041,217.9
51163,51041,177.6
51133,51041,122
51051,51041,450
51179,51041,102.8
51085,51041,45.7
51015,51041,148.7
51081,51041,65.6
51037,51041,125.2
51143,51041,189.5
51119,51041,82.6
51159,51041,94.6
51059,51041,145.6
51029,51041,108.4
51199,51041,88.2
51147,51041,91
51057,51041,88.6
51097,51041,81.5
51157,51041,169.7
51019,51041,174.6
51121,51041,259.6
51107,51041,177.6
51109,51041,93.4
51047,51041,133.3
51087,51041,25.5
51155,51041,272
51101,51041,62
51009,51041,166
51113,51041,141.6
51137,51041,121.9
51001,51041,220.7
51161,51041,228.9
51043,51041,196
51820,51041,132.6
51183,51041,50.6
51079,51041,130.4
51740,51041,103.9
51520,51041,370
51660,51041,166
51510,51041,143.4
51650,51041,100.2
51021,51041,312.6
51730,51041,17.8
51610,51041,149.4
51197,51041,305.7
51680,51041,148.9
51710,51041,113.3
51700,51041,93.3
51540,51041,103.4
51013,51041,148.7
51550,51041,120.5
51670,51041,17.2
51035,51041,298
51115,51041,105.8
51077,51041,337.5
51640,51041,314.6
51775,51041,224.6
51620,51041,91.5
51830,51041,74.3
51570,51041,11.6
51720,51041,427.2
51760,51041,26.4
51105,51041,460.6
51071,51041,292.6
51590,51041,173.8
51011,51041,119
51630,51041,87
51800,51041,89.4
51075,51041,68
51025,51041,72.7
51135,51041,73
51045,51041,259.7
51580,51041,215
51678,51041,174.6
51810,51041,132.1
51173,51041,329.3
51683,51041,136.2
51770,51041,213.2
51049,51041,74.8
51595,51041,62.3
51111,51041,94.3
51750,51041,264.6
51735,51041,102.8
51840,51041,203.2
51065,51041,97.9
51103,51041,117.4
51169,51041,436
51063,51041,281.1
51530,51041,178.9
51685,51041,137.6
51167,51087,378.8
51187,51087,161.5
51165,51087,154.9
51195,51087,416
51083,51087,157.5
51053,51087,74.4
51117,51087,127.5
51031,51087,169.5
51007,51087,68.2
51036,51087,60.3
51017,51087,194
51127,51087,51.3
51181,51087,89.9
51790,51087,123.1
51600,51087,117.9
51091,51087,176.7
51690,51087,225.3
51191,51087,340.9
51139,51087,162.8
51073,51087,83.4
51069,51087,184.9
51093,51087,107.8
51095,51087,70.1
51067,51087,243
51003,51087,89.4
51099,51087,75.3
51125,51087,130.5
51175,51087,121.6
51061,51087,117.3
51005,51087,196.9
51153,51087,105.8
51041,51087,57
51027,51087,399.8
51149,51087,68
51089,51087,226.4
51185,51087,343.4
51131,51087,177.6
51141,51087,265
51145,51087,55.8
51171,51087,186.5
51193,51087,95.9
51177,51087,65.6
51033,51087,48
51023,51087,196.6
51163,51087,156.3
51133,51087,107
51051,51087,434.7
51179,51087,76.7
51085,51087,19.6
51015,51087,127.4
51081,51087,96.5
51037,51087,140.3
51143,51087,204.7
51119,51087,81.1
51159,51087,79.5
51059,51087,119.5
51029,51087,111.1
51199,51087,86.7
51147,51087,106.1
51057,51087,73.5
51097,51087,66.5
51157,51087,143.6
51019,51087,189.8
51121,51087,244.3
51107,51087,151.5
51109,51087,69.2
51047,51087,107.1
51087,51087,22.1
51155,51087,256.7
51101,51087,46.9
51009,51087,156.8
51113,51087,120.2
51137,51087,97.7
51001,51087,222.8
51161,51087,215.8
51043,51087,169.8
51820,51087,111.3
51183,51087,81.5
51079,51087,109.1
51740,51087,125
51520,51087,354.7
51660,51087,144.7
51510,51087,117.2
51650,51087,98.7
51021,51087,297.3
51730,51087,50.3
51610,51087,123.2
51197,51087,290.4
51680,51087,164
51710,51087,115.4
51700,51087,91.8
51540,51087,82.1
51013,51087,122.5
51550,51087,146.9
51670,51087,47.3
51035,51087,297.2
51115,51087,104.4
51077,51087,322.2
51640,51087,305.3
51775,51087,209.3
51620,51087,122.8
51830,51087,72.8
51570,51087,42
51720,51087,411.9
51760,51087,21.9
51105,51087,445.3
51071,51087,277.3
51590,51087,193.9
51011,51087,134.1
51630,51087,60.8
51800,51087,120.6
51075,51087,46.8
51025,51087,104
51135,51087,104.4
51045,51087,238.4
51580,51087,193.7
51678,51087,153.2
51810,51087,146.6
51173,51087,314
51683,51087,110
51770,51087,209.2
51049,51087,77.5
51595,51087,93.2
51111,51087,125.4
51750,51087,249.3
51735,51087,101.3
51840,51087,177
51065,51087,76.7
51103,51087,115.8
51169,51087,420.7
51063,51087,265.8
51530,51087,157.5
51685,51087,111.5
51167,51069,355.2
51187,51069,26.3
51165,51069,71.1
51195,51069,392.4
51083,51069,256.3
51053,51069,225.2
51117,51069,278.4
51031,51069,200.9
51007,51069,219.1
51036,51069,206.9
51017,51069,161.5
51127,51069,198
51181,51069,236.6
51790,51069,94.5
51600,51069,79.1
51091,51069,143
51690,51069,252.6
51191,51069,317.3
51139,51069,63.6
51073,51069,229.4
51069,51069,23.6
51093,51069,254.8
51095,51069,216.8
51067,51069,219.4
51003,51069,123.8
51099,51069,141.1
51125,51069,151.8
51175,51069,268.6
51061,51069,54.6
51005,51069,173.3
51153,51069,68.8
51041,51069,207.8
51027,51069,376.2
51149,51069,214.7
51089,51069,251.1
51185,51069,319.8
51131,51069,324.2
51141,51069,279.4
51145,51069,193.9
51171,51069,31.2
51193,51069,177.3
51177,51069,136.8
51033,51069,146.4
51023,51069,173
51163,51069,132.7
51133,51069,211.7
51051,51069,411.1
51179,51069,109.8
51085,51069,152
51015,51069,101
51081,51069,245.3
51037,51069,250.2
51143,51069,241.2
51119,51069,216.5
51159,51069,184.2
51059,51069,82.4
51029,51069,192.1
51199,51069,233.4
51147,51069,227.9
51057,51069,171.8
51097,51069,194.8
51157,51069,54.6
51019,51069,193.2
51121,51069,220.7
51107,51069,66.4
51109,51069,150.5
51047,51069,81.8
51087,51069,173
51155,51069,233.1
51101,51069,177
51009,51069,176
51113,51069,94.4
51137,51069,113.5
51001,51069,369.5
51161,51069,192.2
51043,51069,30.4
51820,51069,104.2
51183,51069,230.3
51079,51069,100.1
51740,51069,271.7
51520,51069,331.1
51660,51069,67.1
51510,51069,101.7
51650,51069,245.4
51021,51069,273.7
51730,51069,201.2
51610,51069,87.6
51197,51069,266.8
51680,51069,186.8
51710,51069,262.1
51700,51069,238.5
51540,51069,133.3
51013,51069,92.9
51550,51069,293.6
51670,51069,194
51035,51069,273.6
51115,51069,248.8
51077,51069,298.6
51640,51069,281.7
51775,51069,185.7
51620,51069,269.7
51830,51069,219.5
51570,51069,192.8
51720,51069,388.3
51760,51069,172.8
51105,51069,421.7
51071,51069,253.7
51590,51069,265.7
51011,51069,194.5
51630,51069,108.7
51800,51069,267.6
51075,51069,171.7
51025,51069,254.9
51135,51069,255.2
51045,51069,214.8
51580,51069,170.1
51678,51069,129.6
51810,51069,293.3
51173,51069,290.4
51683,51069,64.7
51770,51069,185.6
51049,51069,212.9
51595,51069,242
51111,51069,276.2
51750,51069,225.7
51735,51069,248
51840,51069,18
51065,51069,160.3
51103,51069,220.5
51169,51069,397.1
51063,51069,242.1
51530,51069,133.9
51685,51069,72.3
51167,51775,180.8
51187,51775,194.9
51165,51775,132.6
51195,51775,218.1
51083,51775,143.4
51053,51775,214.6
51117,51775,186.4
51031,51775,98.8
51007,51775,172.5
51036,51775,254.5
51017,51775,103.3
51127,51775,245.6
51181,51775,273.5
51790,51775,99.7
51600,51775,253.3
51091,51775,153.2
51690,51775,79.9
51191,51775,142.9
51139,51775,168.6
51073,51775,277.6
51069,51775,202.4
51093,51775,279.7
51095,51775,264.3
51067,51775,46.6
51003,51775,126
51099,51775,264.8
51125,51775,133.4
51175,51775,281.5
51061,51775,227
51005,51775,83.5
51153,51775,243
51041,51775,224.4
51027,51775,201.8
51149,51775,242.8
51089,51775,78.4
51185,51775,145.4
51131,51775,371.8
51141,51775,103.5
51145,51775,200.9
51171,51775,164.3
51193,51775,290.1
51177,51775,216.9
51033,51775,244.3
51023,51775,43.2
51163,51775,68.9
51133,51775,301.2
51051,51775,236.7
51179,51775,247.2
51085,51775,209.1
51015,51775,101.9
51081,51775,250.7
51037,51775,160.1
51143,51775,98.2
51119,51775,275.3
51159,51775,273.7
51059,51775,256.7
51029,51775,150.9
51199,51775,280.9
51147,51775,145.3
51057,51775,267.8
51097,51775,260.7
51157,51775,197.8
51019,51775,53.1
51121,51775,46.4
51107,51775,245.1
51109,51775,182
51047,51775,198.6
51087,51775,214.5
51155,51775,58.8
51101,51775,241.2
51009,51775,107.1
51113,51775,178.6
51137,51775,187.2
51001,51775,417.1
51161,51775,11.8
51043,51775,209.7
51820,51775,106.9
51183,51775,249.9
51079,51775,160.8
51740,51775,307
51520,51775,156.7
51660,51775,122.5
51510,51775,275.9
51650,51775,293
51021,51775,99.3
51730,51775,221.8
51610,51775,261.8
51197,51775,92.4
51680,51775,85.5
51710,51775,309.7
51700,51775,286
51540,51775,135.5
51013,51775,267.1
51550,51775,323.6
51670,51775,230
51035,51775,99.2
51115,51775,298.6
51077,51775,124.2
51640,51775,107.3
51775,51775,5.3
51620,51775,286.3
51830,51775,267
51570,51775,228
51720,51775,214
51760,51775,213.9
51105,51775,247.3
51071,51775,79.4
51590,51775,111.7
51011,51775,105.3
51630,51775,230.3
51800,51775,292.5
51075,51775,183.5
51025,51775,224.7
51135,51775,179.3
51045,51775,47.7
51580,51775,80.3
51678,51775,62.4
51810,51775,335.2
51173,51775,116
51683,51775,238.9
51770,51775,10.3
51049,51775,172.6
51595,51775,246.7
51111,51775,200.3
51750,51775,51.3
51735,51775,295.6
51840,51775,196.7
51065,51775,165.7
51103,51775,310.1
51169,51775,222.7
51063,51775,67.8
51530,51775,65.1
51685,51775,246.5
51167,51137,386.4
51187,51137,91.5
51165,51137,123.7
51195,51137,423.7
51083,51137,232.4
51053,51137,149.3
51117,51137,202.5
51031,51137,186.5
51007,51137,143.2
51036,51137,131
51017,51137,201.7
51127,51137,122.1
51181,51137,160.7
51790,51137,130.8
51600,51137,90
51091,51137,184.4
51690,51137,282.9
51191,51137,348.6
51139,51137,88.5
51073,51137,153.4
51069,51137,118.4
51093,51137,178.9
51095,51137,140.8
51067,51137,250.6
51003,51137,97
51099,51137,66.5
51125,51137,137.4
51175,51137,192.6
51061,51137,50.8
51005,51137,204.6
51153,51137,75.4
51041,51137,131.9
51027,51137,407.5
51149,51137,138.8
51089,51137,282.4
51185,51137,351.1
51131,51137,248.3
51141,51137,310.7
51145,51137,117.2
51171,51137,120.8
51193,51137,102.7
51177,51137,45
51033,51137,71.5
51023,51137,204.3
51163,51137,164
51133,51137,137.5
51051,51137,442.4
51179,51137,48.9
51085,51137,76
51015,51137,135.1
51081,51137,169.4
51037,51137,215.3
51143,51137,226.7
51119,51137,142.4
51159,51137,110.1
51059,51137,91.6
51029,51137,140.3
51199,51137,157.5
51147,51137,168.9
51057,51137,97.7
51097,51137,118.9
51157,51137,63.5
51019,51137,199.8
51121,51137,252
51107,51137,94.7
51109,51137,73.8
51047,51137,27
51087,51137,97.1
51155,51137,264.4
51101,51137,101
51009,51137,163.7
51113,51137,50.6
51137,51137,36.7
51001,51137,293.6
51161,51137,223.4
51043,51137,103.3
51820,51137,119
51183,51137,154.4
51079,51137,70.3
51740,51137,195.8
51520,51137,362.4
51660,51137,115.5
51510,51137,89.4
51650,51137,169.5
51021,51137,305
51730,51137,125.2
51610,51137,95.4
51197,51137,298.1
51680,51137,173.4
51710,51137,186.2
51700,51137,162.5
51540,51137,86.2
51013,51137,94.7
51550,51137,217.7
51670,51137,118.1
51035,51137,304.9
51115,51137,174.4
51077,51137,329.9
51640,51137,313
51775,51137,217
51620,51137,193.8
51830,51137,143.6
51570,51137,116.9
51720,51137,419.6
51760,51137,96.9
51105,51137,453
51071,51137,285
51590,51137,251.3
51011,51137,173.4
51630,51137,31.9
51800,51137,191.6
51075,51137,95
51025,51137,179
51135,51137,179.3
51045,51137,246.1
51580,51137,201.4
51678,51137,160.9
51810,51137,217.4
51173,51137,321.7
51683,51137,71.6
51770,51137,216.9
51049,51137,136.9
51595,51137,166.1
51111,51137,200.3
51750,51137,257
51735,51137,172.1
51840,51137,110.5
51065,51137,90.2
51103,51137,146.4
51169,51137,428.4
51063,51137,273.4
51530,51137,165.2
51685,51137,80.4
51167,51810,496.8
51187,51810,279.5
51165,51810,273.9
51195,51810,534.1
51083,51810,215.1
51053,51810,133.4
51117,51810,165.8
51031,51810,256.4
51007,51810,169.6
51036,51810,107.6
51017,51810,313.1
51127,51810,104
51181,51810,88.9
51790,51810,242.2
51600,51810,235.8
51091,51810,295.8
51690,51810,274.8
51191,51810,458.9
51139,51810,281.9
51073,51810,84.7
51069,51810,302.9
51093,51810,62.4
51095,51810,80.3
51067,51810,312.7
51003,51810,208.4
51099,51810,193.3
51125,51810,249.6
51175,51810,84.8
51061,51810,235.3
51005,51810,316
51153,51810,223.8
51041,51810,148.1
51027,51810,517.8
51149,51810,105.7
51089,51810,275.9
51185,51810,461.4
51131,51810,70
51141,51810,314.5
51145,51810,166.7
51171,51810,305.3
51193,51810,172.6
51177,51810,183.5
51033,51810,162.7
51023,51810,315.7
51163,51810,275.4
51133,51810,158.3
51051,51810,552.8
51179,51810,194.7
51085,51810,137.6
51015,51810,246.4
51081,51810,111.8
51037,51810,219.3
51143,51810,260.2
51119,51810,113.4
51159,51810,156.2
51059,51810,237.4
51029,51810,224.9
51199,51810,69.6
51147,51810,193.7
51057,51810,156.8
51097,51810,129.6
51157,51810,261.6
51019,51810,277.4
51121,51810,362.4
51107,51810,269.5
51109,51810,189.1
51047,51810,225.1
51087,51810,118.8
51155,51810,374.8
51101,51810,129.1
51009,51810,274.8
51113,51810,239.3
51137,51810,217.5
51001,51810,115.3
51161,51810,331.7
51043,51810,287.8
51820,51810,230.4
51183,51810,101.3
51079,51810,228.2
51740,51810,27.7
51520,51810,472.8
51660,51810,263.8
51510,51810,235.2
51650,51810,40
51021,51810,415.3
51730,51810,106.7
51610,51810,241.2
51197,51810,408.4
51680,51810,251.7
51710,51810,20.9
51700,51810,52.2
51540,51810,201.2
51013,51810,240.5
51550,51810,39.7
51670,51810,112.4
51035,51810,367.6
51115,51810,108.1
51077,51810,416.8
51640,51810,384.2
51775,51810,327.3
51620,51810,70.9
51830,51810,72.4
51570,51810,120.9
51720,51810,530
51760,51810,128.8
51105,51810,563.3
51071,51810,395.4
51590,51810,243.4
51011,51810,221.7
51630,51810,178.8
51800,51810,53
51075,51810,165.9
51025,51810,131.1
51135,51810,164
51045,51810,357.5
51580,51810,312.8
51678,51810,272.3
51810,51810,20
51173,51810,432.1
51683,51810,228
51770,51810,315.9
51049,51810,191.4
51595,51810,106.3
51111,51810,185.3
51750,51810,367.4
51735,51810,56
51840,51810,295
51065,51810,195.8
51103,51810,142.5
51169,51810,538.7
51063,51810,354.2
51530,51810,276.6
51685,51810,229.4
51167,51001,571.4
51187,51001,353
51165,51001,347.5
51195,51001,608.6
51083,51001,297.6
51053,51001,215.9
51117,51001,248.2
51031,51001,338.8
51007,51001,251.1
51036,51001,181.2
51017,51001,386.6
51127,51001,177.5
51181,51001,170.7
51790,51001,315.7
51600,51001,309.4
51091,51001,369.4
51690,51001,357.2
51191,51001,533.5
51139,51001,355.4
51073,51001,158.2
51069,51001,376.5
51093,51001,144.8
51095,51001,153.9
51067,51001,395.2
51003,51001,282
51099,51001,266.8
51125,51001,323.1
51175,51001,167.3
51061,51001,308.9
51005,51001,389.5
51153,51001,297.3
51041,51001,230.3
51027,51001,592.4
51149,51001,188.2
51089,51001,358.4
51185,51001,536
51131,51001,38.7
51141,51001,397
51145,51001,242.4
51171,51001,378.8
51193,51001,246.1
51177,51001,257.1
51033,51001,236.2
51023,51001,389.2
51163,51001,348.9
51133,51001,231.8
51051,51001,627.3
51179,51001,268.2
51085,51001,211.1
51015,51001,320
51081,51001,194.3
51037,51001,301.7
51143,51001,342.7
51119,51001,186.9
51159,51001,229.7
51059,51001,311
51029,51001,300.6
51199,51001,143.1
51147,51001,276.2
51057,51001,230.4
51097,51001,203.1
51157,51001,335.1
51019,51001,359.8
51121,51001,436.9
51107,51001,343
51109,51001,262.6
51047,51001,298.7
51087,51001,192.3
51155,51001,449.3
51101,51001,202.7
51009,51001,349.4
51113,51001,312.9
51137,51001,291.1
51001,51001,17.3
51161,51001,408.4
51043,51001,361.4
51820,51001,303.9
51183,51001,183.7
51079,51001,301.7
51740,51001,110.2
51520,51001,547.3
51660,51001,337.3
51510,51001,308.8
51650,51001,113.5
51021,51001,489.9
51730,51001,189.2
51610,51001,314.7
51197,51001,483
51680,51001,334.1
51710,51001,96.8
51700,51001,125.8
51540,51001,274.7
51013,51001,314
51550,51001,120.2
51670,51001,194.8
51035,51001,450.1
51115,51001,181.6
51077,51001,499.3
51640,51001,466.6
51775,51001,401.9
51620,51001,153.3
51830,51001,145.9
51570,51001,203.4
51720,51001,604.5
51760,51001,202.3
51105,51001,637.9
51071,51001,469.9
51590,51001,325.8
51011,51001,304.2
51630,51001,252.3
51800,51001,135.4
51075,51001,239.4
51025,51001,213.6
51135,51001,246.5
51045,51001,431
51580,51001,386.3
51678,51001,345.9
51810,51001,110.5
51173,51001,506.6
51683,51001,301.5
51770,51001,398.4
51049,51001,267
51595,51001,188.8
51111,51001,267.7
51750,51001,441.9
51735,51001,129.6
51840,51001,368.5
51065,51001,269.3
51103,51001,216
51169,51001,613.3
51063,51001,436.7
51530,51001,350.2
51685,51001,303
51167,51810,492.4
51187,51810,275.1
51165,51810,269.5
51195,51810,529.7
51083,51810,210.7
51053,51810,129
51117,51810,161.4
51031,51810,251.9
51007,51810,165.2
51036,51810,103.2
51017,51810,308.6
51127,51810,99.6
51181,51810,84.5
51790,51810,237.7
51600,51810,231.4
51091,51810,291.4
51690,51810,270.4
51191,51810,454.5
51139,51810,277.5
51073,51810,80.3
51069,51810,298.5
51093,51810,58
51095,51810,75.9
51067,51810,308.3
51003,51810,204
51099,51810,188.9
51125,51810,245.2
51175,51810,80.4
51061,51810,230.9
51005,51810,311.6
51153,51810,219.4
51041,51810,143.7
51027,51810,513.4
51149,51810,101.3
51089,51810,271.5
51185,51810,457
51131,51810,64.7
51141,51810,310.1
51145,51810,162.3
51171,51810,300.9
51193,51810,168.2
51177,51810,179.1
51033,51810,158.3
51023,51810,311.2
51163,51810,270.9
51133,51810,153.9
51051,51810,548.3
51179,51810,190.3
51085,51810,133.2
51015,51810,242
51081,51810,107.4
51037,51810,214.9
51143,51810,255.8
51119,51810,109
51159,51810,151.8
51059,51810,233
51029,51810,220.5
51199,51810,65.2
51147,51810,189.3
51057,51810,152.4
51097,51810,125.2
51157,51810,257.2
51019,51810,273
51121,51810,357.9
51107,51810,265.1
51109,51810,184.7
51047,51810,220.7
51087,51810,114.4
51155,51810,370.4
51101,51810,124.7
51009,51810,270.4
51113,51810,234.9
51137,51810,213.1
51001,51810,110
51161,51810,327.3
51043,51810,283.4
51820,51810,226
51183,51810,96.9
51079,51810,223.8
51740,51810,23.3
51520,51810,468.3
51660,51810,259.4
51510,51810,230.8
51650,51810,35.6
51021,51810,410.9
51730,51810,102.3
51610,51810,236.8
51197,51810,404
51680,51810,247.3
51710,51810,16.4
51700,51810,47.8
51540,51810,196.7
51013,51810,236.1
51550,51810,35.2
51670,51810,108
51035,51810,363.2
51115,51810,103.7
51077,51810,412.4
51640,51810,379.8
51775,51810,322.9
51620,51810,66.5
51830,51810,68
51570,51810,116.5
51720,51810,525.6
51760,51810,124.4
51105,51810,558.9
51071,51810,391
51590,51810,239
51011,51810,217.3
51630,51810,174.4
51800,51810,48.6
51075,51810,161.4
51025,51810,126.7
51135,51810,159.6
51045,51810,353.1
51580,51810,308.4
51678,51810,267.9
51810,51810,20
51173,51810,427.6
51683,51810,223.6
51770,51810,311.5
51049,51810,187
51595,51810,101.9
51111,51810,180.8
51750,51810,362.9
51735,51810,51.6
51840,51810,290.6
51065,51810,191.4
51103,51810,138.1
51169,51810,534.3
51063,51810,349.8
51530,51810,272.2
51685,51810,225
51167,51770,192.2
51187,51770,200.9
51165,51770,138.6
51195,51770,229.4
51083,51770,131.9
51053,51770,210.9
51117,51770,174.8
51031,51770,95.1
51007,51770,168.8
51036,51770,257.1
51017,51770,108.7
51127,51770,251.5
51181,51770,269.9
51790,51770,105.7
51600,51770,259.3
51091,51770,159.1
51690,51770,68.3
51191,51770,154.3
51139,51770,174.6
51073,51770,283.6
51069,51770,208.3
51093,51770,276.1
51095,51770,270.3
51067,51770,35.1
51003,51770,132
51099,51770,270.8
51125,51770,129.7
51175,51770,270
51061,51770,233
51005,51770,88.9
51153,51770,249
51041,51770,220.7
51027,51770,213.2
51149,51770,239.2
51089,51770,66.9
51185,51770,156.8
51131,51770,374.8
51141,51770,95.1
51145,51770,197.2
51171,51770,170.2
51193,51770,296.1
51177,51770,222.9
51033,51770,250.2
51023,51770,48.6
51163,51770,74.8
51133,51770,307.1
51051,51770,248.1
51179,51770,253.2
51085,51770,215
51015,51770,107.9
51081,51770,239.1
51037,51770,156.5
51143,51770,86.6
51119,51770,281.3
51159,51770,279.7
51059,51770,262.6
51029,51770,147.2
51199,51770,286.9
51147,51770,141.6
51057,51770,273.7
51097,51770,266.7
51157,51770,203.8
51019,51770,49.4
51121,51770,57.7
51107,51770,251.1
51109,51770,188
51047,51770,204.5
51087,51770,220.4
51155,51770,70.1
51101,51770,247.1
51009,51770,113.1
51113,51770,184.5
51137,51770,193.1
51001,51770,420.1
51161,51770,17.5
51043,51770,215.6
51820,51770,112.9
51183,51770,246.2
51079,51770,166.8
51740,51770,303.3
51520,51770,168.1
51660,51770,128.4
51510,51770,281.8
51650,51770,298.9
51021,51770,110.7
51730,51770,218.1
51610,51770,267.8
51197,51770,103.8
51680,51770,81.8
51710,51770,312.7
51700,51770,292
51540,51770,141.5
51013,51770,273.1
51550,51770,319.9
51670,51770,226.3
51035,51770,102.8
51115,51770,304.6
51077,51770,135.6
51640,51770,116.7
51775,51770,14.9
51620,51770,274.7
51830,51770,273
51570,51770,224.3
51720,51770,225.3
51760,51770,219.8
51105,51770,258.7
51071,51770,90.7
51590,51770,100.1
51011,51770,101.6
51630,51770,236.2
51800,51770,288.8
51075,51770,189.5
51025,51770,214.7
51135,51770,175.7
51045,51770,60.5
51580,51770,85.7
51678,51770,68.4
51810,51770,331.5
51173,51770,127.4
51683,51770,244.8
51770,51770,8.1
51049,51770,168.9
51595,51770,235.1
51111,51770,196.7
51750,51770,62.7
51735,51770,301.5
51840,51770,202.7
51065,51770,171.7
51103,51770,316
51169,51770,234.1
51063,51770,65.8
51530,51770,71.1
51685,51770,252.5
51167,51195,81.6
51187,51195,410.3
51165,51195,348
51195,51195,19.7
51083,51195,347.9
51053,51195,432.8
51117,51195,372.5
51031,51195,317
51007,51195,390.7
51036,51195,469.9
51017,51195,318.6
51127,51195,460.9
51181,51195,491.7
51790,51195,315.1
51600,51195,468.7
51091,51195,368.5
51690,51195,265
51191,51195,87.3
51139,51195,384
51073,51195,493
51069,51195,417.7
51093,51195,497.9
51095,51195,479.7
51067,51195,266.7
51003,51195,341.4
51099,51195,480.2
51125,51195,351.6
51175,51195,467.6
51061,51195,442.4
51005,51195,298.8
51153,51195,458.4
51041,51195,442.6
51027,51195,115.6
51149,51195,461.1
51089,51195,264.1
51185,51195,113.5
51131,51195,587.2
51141,51195,222.9
51145,51195,419.1
51171,51195,379.6
51193,51195,505.5
51177,51195,432.3
51033,51195,459.7
51023,51195,258.6
51163,51195,284.3
51133,51195,516.6
51051,51195,68.3
51179,51195,462.6
51085,51195,424.4
51015,51195,317.3
51081,51195,436.8
51037,51195,378.4
51143,51195,318.2
51119,51195,490.7
51159,51195,489.1
51059,51195,472
51029,51195,369.1
51199,51195,496.3
51147,51195,363.5
51057,51195,483.1
51097,51195,476.1
51157,51195,413.2
51019,51195,271.3
51121,51195,201.8
51107,51195,460.5
51109,51195,397.4
51047,51195,413.9
51087,51195,429.8
51155,51195,178.8
51101,51195,456.5
51009,51195,322.5
51113,51195,394
51137,51195,402.5
51001,51195,632.4
51161,51195,226.8
51043,51195,425
51820,51195,322.3
51183,51195,463.2
51079,51195,376.2
51740,51195,521.4
51520,51195,80.4
51660,51195,337.8
51510,51195,491.2
51650,51195,508.3
51021,51195,163.4
51730,51195,440
51610,51195,477.2
51197,51195,154.5
51680,51195,303.7
51710,51195,525
51700,51195,501.4
51540,51195,350.9
51013,51195,482.5
51550,51195,538
51670,51195,448.2
51035,51195,183.5
51115,51195,514
51077,51195,182.6
51640,51195,191.6
51775,51195,222.4
51620,51195,472.4
51830,51195,482.4
51570,51195,446.2
51720,51195,13.2
51760,51195,429.3
51105,51195,35.3
51071,51195,210.5
51590,51195,297.8
51011,51195,323.5
51630,51195,445.6
51800,51195,498.5
51075,51195,398.9
51025,51195,412.3
51135,51195,397.6
51045,51195,263.2
51580,51195,295.6
51678,51195,277.8
51810,51195,549.6
51173,51195,120.3
51683,51195,454.2
51770,51195,234.6
51049,51195,390.8
51595,51195,432.8
51111,51195,418.2
51750,51195,189.6
51735,51195,510.9
51840,51195,412.1
51065,51195,381.1
51103,51195,525.4
51169,51195,50.2
51063,51195,220
51530,51195,280.5
51685,51195,461.9
51167,51680,255.8
51187,51680,198
51165,51680,135.7
51195,51680,293.1
51083,51680,82
51053,51680,141.4
51117,51680,130.2
51031,51680,26.7
51007,51680,99.3
51036,51680,187.6
51017,51680,114.6
51127,51680,190.5
51181,51680,200.3
51790,51680,104
51600,51680,225.5
51091,51680,157.6
51690,51680,117.6
51191,51680,218
51139,51680,167.7
51073,51680,222.6
51069,51680,205.5
51093,51680,206.5
51095,51680,209.3
51067,51680,90.7
51003,51680,92
51099,51680,222.1
51125,51680,60.2
51175,51680,211.3
51061,51680,183.3
51005,51680,117.6
51153,51680,207.9
51041,51680,151.2
51027,51680,276.9
51149,51680,169.7
51089,51680,118.7
51185,51680,220.4
51131,51680,305.3
51141,51680,150.8
51145,51680,127.7
51171,51680,167.4
51193,51680,242.2
51177,51680,174.2
51033,51680,199
51023,51680,90.7
51163,51680,76.3
51133,51680,253.2
51051,51680,311.8
51179,51680,204.5
51085,51680,166.3
51015,51680,108.2
51081,51680,180.4
51037,51680,87.8
51143,51680,61.5
51119,51680,220.3
51159,51680,225.8
51059,51680,228.9
51029,51680,77.7
51199,51680,225.9
51147,51680,72.1
51057,51680,219.8
51097,51680,212.7
51157,51680,170.8
51019,51680,36.4
51121,51680,121.4
51107,51680,227.1
51109,51680,139.2
51047,51680,154.9
51087,51680,155.2
51155,51680,133.8
51101,51680,193.2
51009,51680,45.5
51113,51680,134.9
51137,51680,144.4
51001,51680,350.6
51161,51680,90.7
51043,51680,212.8
51820,51680,90.2
51183,51680,176.7
51079,51680,121
51740,51680,233.8
51520,51680,231.8
51660,51680,125.6
51510,51680,245
51650,51680,237.9
51021,51680,174.3
51730,51680,148.6
51610,51680,234
51197,51680,167.4
51680,51680,12.7
51710,51680,243.2
51700,51680,231
51540,51680,92
51013,51680,239.3
51550,51680,250.4
51670,51680,156.8
51035,51680,174.3
51115,51680,243.6
51077,51680,199.2
51640,51680,182.3
51775,51680,86.3
51620,51680,216
51830,51680,212
51570,51680,154.8
51720,51680,289
51760,51680,154.3
51105,51680,322.4
51071,51680,154.4
51590,51680,86
51011,51680,32.1
51630,51680,187.5
51800,51680,219.3
51075,51680,140.7
51025,51680,151.5
51135,51680,106.1
51045,51680,123
51580,51680,114.4
51678,51680,69.6
51810,51680,262
51173,51680,191.1
51683,51680,204.1
51770,51680,74.9
51049,51680,99.4
51595,51680,176.5
51111,51680,127.1
51750,51680,126.4
51735,51680,240.5
51840,51680,199.8
51065,51680,120
51103,51680,255.1
51169,51680,297.7
51063,51680,142.8
51530,51680,58.8
51685,51680,212.9
51167,NA,129.7
51187,NA,435.3
51165,NA,373
51195,NA,83.7
51083,NA,372.9
51053,NA,457.8
51117,NA,397.5
51031,NA,342
51007,NA,415.7
51036,NA,494.9
51017,NA,343.6
51127,NA,485.9
51181,NA,516.7
51790,NA,340.1
51600,NA,493.7
51091,NA,393.5
51690,NA,290
51191,NA,115
51139,NA,408.9
51073,NA,518
51069,NA,442.7
51093,NA,522.9
51095,NA,504.7
51067,NA,291.7
51003,NA,366.4
51099,NA,505.2
51125,NA,376.6
51175,NA,492.6
51061,NA,467.4
51005,NA,323.8
51153,NA,483.4
51041,NA,467.6
51027,NA,179.6
51149,NA,486.1
51089,NA,289.1
51185,NA,161.5
51131,NA,612.2
51141,NA,247.9
51145,NA,444.1
51171,NA,404.6
51193,NA,530.5
51177,NA,457.3
51033,NA,484.6
51023,NA,283.6
51163,NA,309.2
51133,NA,541.5
51051,NA,132.3
51179,NA,487.6
51085,NA,449.4
51015,NA,342.3
51081,NA,461.8
51037,NA,403.4
51143,NA,343.2
51119,NA,515.7
51159,NA,514.1
51059,NA,497
51029,NA,394.1
51199,NA,521.3
51147,NA,388.5
51057,NA,508.1
51097,NA,501.1
51157,NA,438.2
51019,NA,296.3
51121,NA,226.8
51107,NA,485.4
51109,NA,422.4
51047,NA,438.9
51087,NA,454.8
51155,NA,203.7
51101,NA,481.5
51009,NA,347.5
51113,NA,418.9
51137,NA,427.5
51001,NA,657.4
51161,NA,251.7
51043,NA,450
51820,NA,347.3
51183,NA,488.2
51079,NA,401.2
51740,NA,546.4
51520,NA,101.4
51660,NA,362.8
51510,NA,516.2
51650,NA,533.3
51021,NA,188.3
51730,NA,465
51610,NA,502.2
51197,NA,179.5
51680,NA,328.7
51710,NA,550
51700,NA,526.4
51540,NA,375.9
51013,NA,507.5
51550,NA,563
51670,NA,473.2
51035,NA,208.5
51115,NA,539
51077,NA,207.6
51640,NA,216.6
51775,NA,247.4
51620,NA,497.4
51830,NA,507.4
51570,NA,471.2
51720,NA,77.2
51760,NA,454.2
51105,NA,85.8
51071,NA,235.5
51590,NA,322.8
51011,NA,348.5
51630,NA,470.6
51800,NA,523.5
51075,NA,423.9
51025,NA,437.3
51135,NA,422.5
51045,NA,288.2
51580,NA,320.6
51678,NA,302.8
51810,NA,574.6
51173,NA,145.3
51683,NA,479.2
51770,NA,259.6
51049,NA,415.8
51595,NA,457.8
51111,NA,443.2
51750,NA,214.6
51735,NA,535.9
51840,NA,437.1
51065,NA,406
51103,NA,550.4
51169,NA,76.5
51063,NA,244.9
51530,NA,305.4
51685,NA,486.9
51167,51059,429.9
51187,51059,80.1
51165,51059,145.9
51195,51059,467.2
51083,51059,262.1
51053,51059,179
51117,51059,232.2
51031,51059,249.4
51007,51059,172.9
51036,51059,160.7
51017,51059,236.3
51127,51059,151.8
51181,51059,190.3
51790,51059,169.3
51600,51059,10.4
51091,51059,217.8
51690,51059,327.4
51191,51059,392.1
51139,51059,117.3
51073,51059,183.1
51069,51059,103.5
51093,51059,208.5
51095,51059,170.5
51067,51059,294.1
51003,51059,160
51099,51059,95.7
51125,51059,200.3
51175,51059,222.3
51061,51059,54.3
51005,51059,248.1
51153,51059,39.6
51041,51059,161.6
51027,51059,451
51149,51059,168.5
51089,51059,325.9
51185,51059,394.6
51131,51059,278
51141,51059,354.1
51145,51059,160.7
51171,51059,105.9
51193,51059,131.9
51177,51059,90.5
51033,51059,101
51023,51059,247.7
51163,51059,207.4
51133,51059,166.2
51051,51059,485.9
51179,51059,56.8
51085,51059,105.7
51015,51059,175.7
51081,51059,199.1
51037,51059,244.9
51143,51059,289.7
51119,51059,171.1
51159,51059,138.8
51059,51059,6.6
51029,51059,210
51199,51059,187.1
51147,51059,210.7
51057,51059,126.4
51097,51059,148.6
51157,51059,90.7
51019,51059,262.8
51121,51059,295.5
51107,51059,54.4
51109,51059,130.9
51047,51059,81.3
51087,51059,126.7
51155,51059,307.9
51101,51059,130.7
51009,51059,226.6
51113,51059,113.6
51137,51059,106.4
51001,51059,323.3
51161,51059,266.9
51043,51059,88.4
51820,51059,178.9
51183,51059,184.1
51079,51059,133.2
51740,51059,225.5
51520,51059,405.9
51660,51059,141.8
51510,51059,19.9
51650,51059,199.2
51021,51059,348.4
51730,51059,154.9
51610,51059,14
51197,51059,341.5
51680,51059,236.4
51710,51059,215.9
51700,51059,192.2
51540,51059,149.1
51013,51059,19.9
51550,51059,247.4
51670,51059,147.7
51035,51059,348.4
51115,51059,203.4
51077,51059,373.3
51640,51059,356.4
51775,51059,260.5
51620,51059,223.5
51830,51059,173.2
51570,51059,146.6
51720,51059,463.1
51760,51059,126.5
51105,51059,496.5
51071,51059,328.5
51590,51059,298.5
51011,51059,238.7
51630,51059,62.4
51800,51059,221.3
51075,51059,151.3
51025,51059,208.7
51135,51059,209
51045,51059,289.5
51580,51059,244.9
51678,51059,204.4
51810,51059,247.1
51173,51059,365.2
51683,51059,37.3
51770,51059,260.3
51049,51059,182
51595,51059,195.8
51111,51059,230
51750,51059,300.5
51735,51059,201.8
51840,51059,95.6
51065,51059,159.9
51103,51059,175.1
51169,51059,471.8
51063,51059,316.9
51530,51059,208.7
51685,51059,31.1
51167,51003,303.3
51187,51003,119.1
51165,51003,79.4
51195,51003,340.5
51083,51003,159.5
51053,51003,137.5
51117,51003,173.3
51031,51003,104.1
51007,51003,108.1
51036,51003,125.3
51017,51003,118.5
51127,51003,116.4
51181,51003,153.9
51790,51003,47.6
51600,51003,145.8
51091,51003,101.3
51690,51003,200.5
51191,51003,265.4
51139,51003,94.9
51073,51003,148.4
51069,51003,149.1
51093,51003,171
51095,51003,135.1
51067,51003,167.5
51003,51003,13.9
51099,51003,135.6
51125,51003,55
51175,51003,184.8
51061,51003,103.5
51005,51003,121.4
51153,51003,128.1
51041,51003,111.5
51027,51003,324.3
51149,51003,132.3
51089,51003,199.3
51185,51003,267.9
51131,51003,242.6
51141,51003,227.5
51145,51003,76.5
51171,51003,111
51193,51003,160.9
51177,51003,87.7
51033,51003,115.1
51023,51003,121.1
51163,51003,80.8
51133,51003,172
51051,51003,359.2
51179,51003,118
51085,51003,79.9
51015,51003,51.9
51081,51003,159.6
51037,51003,153.5
51143,51003,144.4
51119,51003,146.1
51159,51003,144.5
51059,51003,149.1
51029,51003,68.8
51199,51003,151.7
51147,51003,106.6
51057,51003,138.6
51097,51003,131.5
51157,51003,91
51019,51003,117.5
51121,51003,168.8
51107,51003,147.4
51109,51003,52.8
51047,51003,75.1
51087,51003,85.3
51155,51003,181.2
51101,51003,112
51009,51003,81.3
51113,51003,55.1
51137,51003,58
51001,51003,287.9
51161,51003,140.3
51043,51003,152
51820,51003,35.8
51183,51003,144.6
51079,51003,41.2
51740,51003,190.1
51520,51003,279.2
51660,51003,69.2
51510,51003,158.6
51650,51003,163.8
51021,51003,221.8
51730,51003,113.5
51610,51003,154.2
51197,51003,214.9
51680,51003,91
51710,51003,180.5
51700,51003,156.8
51540,51003,7.2
51013,51003,159.5
51550,51003,212
51670,51003,111.3
51035,51003,221.7
51115,51003,169.4
51077,51003,246.7
51640,51003,229.8
51775,51003,133.8
51620,51003,185.9
51830,51003,137.8
51570,51003,105.1
51720,51003,336.5
51760,51003,84.7
51105,51003,369.8
51071,51003,201.8
51590,51003,168.9
51011,51003,97.7
51630,51003,101.1
51800,51003,183.8
51075,51003,54.3
51025,51003,167.2
51135,51003,140.6
51045,51003,162.9
51580,51003,118.2
51678,51003,77.8
51810,51003,211.7
51173,51003,238.5
51683,51003,124.3
51770,51003,133.7
51049,51003,86.5
51595,51003,156.3
51111,51003,161.6
51750,51003,173.8
51735,51003,166.4
51840,51003,143.4
51065,51003,33.9
51103,51003,180.9
51169,51003,345.2
51063,51003,190.3
51530,51003,82.1
51685,51003,133.1
51167,51155,133.5
51187,51155,243.1
51165,51155,180.8
51195,51155,170.7
51083,51155,196.3
51053,51155,265.6
51117,51155,229.5
51031,51155,149.8
51007,51155,223.5
51036,51155,302.7
51017,51155,151.4
51127,51155,293.7
51181,51155,324.6
51790,51155,147.9
51600,51155,301.5
51091,51155,201.3
51690,51155,123
51191,51155,95.6
51139,51155,216.8
51073,51155,325.8
51069,51155,250.5
51093,51155,330.8
51095,51155,312.5
51067,51155,99.5
51003,51155,174.2
51099,51155,313
51125,51155,184.4
51175,51155,324.7
51061,51155,275.2
51005,51155,131.7
51153,51155,291.2
51041,51155,275.4
51027,51155,154.5
51149,51155,293.9
51089,51155,121.6
51185,51155,98.1
51131,51155,420
51141,51155,90.2
51145,51155,251.9
51171,51155,212.4
51193,51155,338.3
51177,51155,265.1
51033,51155,292.5
51023,51155,91.4
51163,51155,117.1
51133,51155,349.4
51051,51155,189.4
51179,51155,295.4
51085,51155,257.3
51015,51155,150.1
51081,51155,293.8
51037,51155,211.2
51143,51155,151
51119,51155,323.5
51159,51155,321.9
51059,51155,304.8
51029,51155,201.9
51199,51155,329.1
51147,51155,196.3
51057,51155,315.9
51097,51155,308.9
51157,51155,246
51019,51155,104.1
51121,51155,34.6
51107,51155,293.3
51109,51155,230.2
51047,51155,246.7
51087,51155,262.6
51155,51155,10.7
51101,51155,289.3
51009,51155,155.3
51113,51155,226.8
51137,51155,235.3
51001,51155,465.2
51161,51155,59.6
51043,51155,257.8
51820,51155,155.1
51183,51155,300.9
51079,51155,209
51740,51155,358
51520,51155,109.4
51660,51155,170.6
51510,51155,324.1
51650,51155,341.2
51021,51155,52
51730,51155,272.8
51610,51155,310
51197,51155,45.1
51680,51155,136.6
51710,51155,357.8
51700,51155,334.2
51540,51155,183.7
51013,51155,315.3
51550,51155,374.7
51670,51155,281
51035,51155,51.9
51115,51155,346.8
51077,51155,76.9
51640,51155,60
51775,51155,55.2
51620,51155,329.4
51830,51155,315.2
51570,51155,279
51720,51155,166.7
51760,51155,262.1
51105,51155,200
51071,51155,35.7
51590,51155,154.8
51011,51155,156.3
51630,51155,278.5
51800,51155,343.5
51075,51155,231.7
51025,51155,269.4
51135,51155,230.4
51045,51155,96.1
51580,51155,128.4
51678,51155,110.6
51810,51155,386.3
51173,51155,68.7
51683,51155,287
51770,51155,67.4
51049,51155,223.6
51595,51155,289.9
51111,51155,251.4
51750,51155,21.8
51735,51155,343.7
51840,51155,244.9
51065,51155,213.9
51103,51155,358.2
51169,51155,175.4
51063,51155,52.8
51530,51155,113.3
51685,51155,294.7
51167,51810,490.4
51187,51810,272.1
51165,51810,266.5
51195,51810,527.7
51083,51810,209
51053,51810,127.3
51117,51810,159.6
51031,51810,250.2
51007,51810,163.5
51036,51810,100.2
51017,51810,305.6
51127,51810,96.5
51181,51810,82.8
51790,51810,234.7
51600,51810,228.4
51091,51810,288.4
51690,51810,268.7
51191,51810,452.5
51139,51810,274.5
51073,51810,77.3
51069,51810,295.5
51093,51810,56.2
51095,51810,72.9
51067,51810,306.6
51003,51810,201
51099,51810,185.9
51125,51810,242.1
51175,51810,78.7
51061,51810,227.9
51005,51810,308.6
51153,51810,216.4
51041,51810,142
51027,51810,511.4
51149,51810,99.6
51089,51810,269.8
51185,51810,455
51131,51810,65.9
51141,51810,308.4
51145,51810,160.6
51171,51810,297.9
51193,51810,165.2
51177,51810,176.1
51033,51810,155.2
51023,51810,308.2
51163,51810,267.9
51133,51810,150.8
51051,51810,546.4
51179,51810,187.2
51085,51810,130.1
51015,51810,239
51081,51810,105.7
51037,51810,213.1
51143,51810,254.1
51119,51810,105.9
51159,51810,148.8
51059,51810,230
51029,51810,218.8
51199,51810,62.2
51147,51810,187.6
51057,51810,149.4
51097,51810,122.2
51157,51810,254.2
51019,51810,271.2
51121,51810,356
51107,51810,262.1
51109,51810,181.7
51047,51810,217.7
51087,51810,111.3
51155,51810,368.4
51101,51810,121.7
51009,51810,268.4
51113,51810,231.9
51137,51810,210.1
51001,51810,111.2
51161,51810,325.5
51043,51810,280.4
51820,51810,222.9
51183,51810,95.1
51079,51810,220.8
51740,51810,21.6
51520,51810,466.4
51660,51810,256.3
51510,51810,227.8
51650,51810,32.6
51021,51810,408.9
51730,51810,100.6
51610,51810,233.8
51197,51810,402
51680,51810,245.5
51710,51810,13.4
51700,51810,44.8
51540,51810,193.7
51013,51810,233.1
51550,51810,31.5
51670,51810,106.2
51035,51810,361.5
51115,51810,100.7
51077,51810,410.7
51640,51810,378
51775,51810,321
51620,51810,64.7
51830,51810,65
51570,51810,114.8
51720,51810,523.6
51760,51810,121.4
51105,51810,556.9
51071,51810,389
51590,51810,237.2
51011,51810,215.6
51630,51810,171.4
51800,51810,46.8
51075,51810,158.4
51025,51810,125
51135,51810,157.9
51045,51810,350
51580,51810,305.3
51678,51810,264.9
51810,51810,23.9
51173,51810,425.7
51683,51810,220.6
51770,51810,309.8
51049,51810,185.2
51595,51810,100.2
51111,51810,179.1
51750,51810,361
51735,51810,48.6
51840,51810,287.6
51065,51810,188.4
51103,51810,135
51169,51810,532.3
51063,51810,348.1
51530,51810,269.2
51685,51810,222
51167,51700,451.2
51187,51700,232.8
51165,51700,227.3
51195,51700,488.4
51083,51700,220.2
51053,51700,121.5
51117,51700,171.9
51031,51700,232.2
51007,51700,130.9
51036,51700,61
51017,51700,266.4
51127,51700,57.3
51181,51700,70.4
51790,51700,195.5
51600,51700,189.2
51091,51700,249.2
51690,51700,280.9
51191,51700,413.3
51139,51700,235.2
51073,51700,34.2
51069,51700,256.3
51093,51700,49.1
51095,51700,33.7
51067,51700,306.8
51003,51700,161.8
51099,51700,143.7
51125,51700,202.9
51175,51700,90.9
51061,51700,188.7
51005,51700,269.3
51153,51700,177.1
51041,51700,110.1
51027,51700,472.2
51149,51700,100.2
51089,51700,282
51185,51700,415.8
51131,51700,97.4
51141,51700,320.7
51145,51700,122.2
51171,51700,258.6
51193,51700,122.1
51177,51700,136.9
51033,51700,116
51023,51700,269
51163,51700,228.7
51133,51700,107.8
51051,51700,507.1
51179,51700,148
51085,51700,90.9
51015,51700,199.8
51081,51700,117.9
51037,51700,203
51143,51700,266.3
51119,51700,62.9
51159,51700,105.7
51059,51700,190.8
51029,51700,180.4
51199,51700,22.7
51147,51700,168.8
51057,51700,106.3
51097,51700,83
51157,51700,214.9
51019,51700,252.4
51121,51700,316.7
51107,51700,222.8
51109,51700,142.4
51047,51700,178.5
51087,51700,72.1
51155,51700,329.1
51101,51700,82.5
51009,51700,229.2
51113,51700,192.7
51137,51700,170.9
51001,51700,142.7
51161,51700,288.2
51043,51700,241.2
51820,51700,183.7
51183,51700,102.1
51079,51700,181.5
51740,51700,44.9
51520,51700,427.1
51660,51700,217.1
51510,51700,188.6
51650,51700,18.6
51021,51700,369.7
51730,51700,96.6
51610,51700,194.5
51197,51700,362.8
51680,51700,226.7
51710,51700,35.3
51700,51700,8.6
51540,51700,154.5
51013,51700,193.8
51550,51700,66.8
51670,51700,85.8
51035,51700,369.6
51115,51700,57.6
51077,51700,394.6
51640,51700,377.7
51775,51700,281.7
51620,51700,77
51830,51700,25.7
51570,51700,92.4
51720,51700,484.3
51760,51700,82.1
51105,51700,517.7
51071,51700,349.7
51590,51700,249.5
51011,51700,196.8
51630,51700,132.1
51800,51700,59.1
51075,51700,119.2
51025,51700,137.3
51135,51700,152.1
51045,51700,310.8
51580,51700,266.1
51678,51700,225.7
51810,51700,66.5
51173,51700,386.4
51683,51700,181.3
51770,51700,281.6
51049,51700,146.8
51595,51700,112.5
51111,51700,173.3
51750,51700,321.7
51735,51700,21.2
51840,51700,248.3
51065,51700,149.2
51103,51700,92
51169,51700,493.1
51063,51700,338.2
51530,51700,230
51685,51700,182.8
51167,51089,232.7
51187,51089,262.9
51165,51089,200.6
51195,51089,269.9
51083,51089,92.8
51053,51089,184.4
51117,51089,117.4
51031,51089,114.9
51007,51089,169.6
51036,51089,240.6
51017,51089,170.7
51127,51089,256.6
51181,51089,253.4
51790,51089,167.7
51600,51089,321.3
51091,51089,221.1
51690,51089,11.6
51191,51089,194.8
51139,51089,236.6
51073,51089,288.6
51069,51089,270.3
51093,51089,250.1
51095,51089,275.3
51067,51089,41
51003,51089,194
51099,51089,296.6
51125,51089,168.1
51175,51089,212.5
51061,51089,291.2
51005,51089,150.9
51153,51089,311
51041,51089,221.5
51027,51089,253.7
51149,51089,222.7
51089,51089,11.2
51185,51089,197.3
51131,51089,337.8
51141,51089,48.2
51145,51089,202.9
51171,51089,232.3
51193,51089,312.5
51177,51089,282.1
51033,51089,269.3
51023,51089,110.6
51163,51089,136.9
51133,51089,323.6
51051,51089,288.6
51179,51089,298
51085,51089,240.9
51015,51089,169.9
51081,51089,181.6
51037,51089,141.7
51143,51089,65
51119,51089,286.3
51159,51089,296.1
51059,51089,324.6
51029,51089,184.8
51199,51089,291.9
51147,51089,140.6
51057,51089,290.1
51097,51089,283.1
51157,51089,265.8
51019,51089,93.3
51121,51089,114.2
51107,51089,313.1
51109,51089,247.1
51047,51089,262.8
51087,51089,225.5
51155,51089,123.2
51101,51089,263.5
51009,51089,153.4
51113,51089,242.8
51137,51089,252.3
51001,51089,383.1
51161,51089,81.3
51043,51089,277.6
51820,51089,174.9
51183,51089,208.1
51079,51089,228.8
51740,51089,266.3
51520,51089,208.6
51660,51089,190.4
51510,51089,338.6
51650,51089,282.2
51021,51089,151.2
51730,51089,201.6
51610,51089,329.8
51197,51089,144.3
51680,51089,122.9
51710,51089,275.7
51700,51089,285.9
51540,51089,199.9
51013,51089,335.1
51550,51089,282.9
51670,51089,209.8
51035,51089,101.3
51115,51089,309.6
51077,51089,150.5
51640,51089,117.8
51775,51089,78.6
51620,51089,217.2
51830,51089,277.8
51570,51089,212.4
51720,51089,265.8
51760,51089,224.7
51105,51089,299.2
51071,51089,148.4
51590,51089,42.6
51011,51089,139.2
51630,51089,282.1
51800,51089,243.4
51075,51089,226.8
51025,51089,157.2
51135,51089,167.5
51045,51089,122.5
51580,51089,147.7
51678,51089,130.4
51810,51089,294.5
51173,51089,167.9
51683,51089,306.9
51770,51089,70.7
51049,51089,185.1
51595,51089,177.7
51111,51089,163
51750,51089,115.3
51735,51089,294.2
51840,51089,264.7
51065,51089,224.1
51103,51089,321.2
51169,51089,274.6
51063,51089,82.5
51530,51089,133.1
51685,51089,314.5
51167,51059,433.4
51187,51059,83.6
51165,51059,149.4
51195,51059,470.7
51083,51059,271.9
51053,51059,188.8
51117,51059,242
51031,51059,252.9
51007,51059,182.6
51036,51059,170.5
51017,51059,239.8
51127,51059,161.6
51181,51059,200.1
51790,51059,172.7
51600,51059,18.4
51091,51059,221.2
51690,51059,330.9
51191,51059,395.5
51139,51059,120.8
51073,51059,192.9
51069,51059,95.2
51093,51059,218.3
51095,51059,180.3
51067,51059,297.6
51003,51059,163.5
51099,51059,105.5
51125,51059,203.8
51175,51059,232.1
51061,51059,57.8
51005,51059,251.6
51153,51059,43.9
51041,51059,171.4
51027,51059,454.4
51149,51059,178.3
51089,51059,329.4
51185,51059,398
51131,51059,287.8
51141,51059,357.6
51145,51059,170.5
51171,51059,109.4
51193,51059,141.7
51177,51059,100.3
51033,51059,110.8
51023,51059,251.2
51163,51059,210.9
51133,51059,176
51051,51059,489.3
51179,51059,66.6
51085,51059,115.5
51015,51059,179.2
51081,51059,208.9
51037,51059,254.7
51143,51059,293.2
51119,51059,180.9
51159,51059,148.6
51059,51059,20.3
51029,51059,213.4
51199,51059,196.9
51147,51059,220.5
51057,51059,136.2
51097,51059,158.4
51157,51059,94.1
51019,51059,266.3
51121,51059,299
51107,51059,41.2
51109,51059,140.7
51047,51059,84.8
51087,51059,136.5
51155,51059,311.4
51101,51059,140.5
51009,51059,230.1
51113,51059,117.1
51137,51059,116.2
51001,51059,333.1
51161,51059,270.4
51043,51059,77.8
51820,51059,182.4
51183,51059,193.9
51079,51059,136.7
51740,51059,235.2
51520,51059,409.3
51660,51059,145.3
51510,51059,28.2
51650,51059,209
51021,51059,351.9
51730,51059,164.7
51610,51059,13.7
51197,51059,345
51680,51059,239.8
51710,51059,225.7
51700,51059,202
51540,51059,152.6
51013,51059,18.9
51550,51059,257.2
51670,51059,157.5
51035,51059,351.8
51115,51059,213.2
51077,51059,376.8
51640,51059,359.9
51775,51059,264
51620,51059,233.3
51830,51059,183
51570,51059,156.4
51720,51059,466.6
51760,51059,136.3
51105,51059,499.9
51071,51059,332
51590,51059,308.3
51011,51059,246.5
51630,51059,72.2
51800,51059,231.1
51075,51059,161.1
51025,51059,218.5
51135,51059,218.8
51045,51059,293
51580,51059,248.3
51678,51059,207.9
51810,51059,256.9
51173,51059,368.6
51683,51059,41.4
51770,51059,263.8
51049,51059,191.8
51595,51059,205.6
51111,51059,239.8
51750,51059,303.9
51735,51059,211.6
51840,51059,86.9
51065,51059,163.3
51103,51059,184.9
51169,51059,475.3
51063,51059,320.4
51530,51059,212.2
51685,51059,35.4
51167,51550,488.2
51187,51550,280.3
51165,51550,274.7
51195,51550,525.5
51083,51550,206.6
51053,51550,124.8
51117,51550,157.2
51031,51550,247.8
51007,51550,161.1
51036,51550,108.4
51017,51550,313.8
51127,51550,104.8
51181,51550,85
51790,51550,242.9
51600,51550,236.6
51091,51550,296.6
51690,51550,266.2
51191,51550,450.4
51139,51550,282.7
51073,51550,85.5
51069,51550,303.7
51093,51550,53.8
51095,51550,81.1
51067,51550,304.1
51003,51550,209.2
51099,51550,194.1
51125,51550,250.4
51175,51550,76.2
51061,51550,236.1
51005,51550,316.8
51153,51550,224.6
51041,51550,139.6
51027,51550,509.3
51149,51550,97.1
51089,51550,267.3
51185,51550,452.9
51131,51550,76.1
51141,51550,306
51145,51550,158.2
51171,51550,306.1
51193,51550,173.4
51177,51550,184.3
51033,51550,163.5
51023,51550,316.4
51163,51550,276.1
51133,51550,159.1
51051,51550,544.2
51179,51550,195.5
51085,51550,138.4
51015,51550,247.2
51081,51550,103.2
51037,51550,210.7
51143,51550,251.6
51119,51550,114.2
51159,51550,157
51059,51550,238.2
51029,51550,216.4
51199,51550,70.4
51147,51550,185.2
51057,51550,157.6
51097,51550,130.4
51157,51550,262.4
51019,51550,268.8
51121,51550,353.8
51107,51550,270.3
51109,51550,189.9
51047,51550,225.9
51087,51550,119.6
51155,51550,366.2
51101,51550,129.9
51009,51550,266.3
51113,51550,240.1
51137,51550,218.3
51001,51550,121.4
51161,51550,323.1
51043,51550,288.6
51820,51550,231.2
51183,51550,92.7
51079,51550,229
51740,51550,23.9
51520,51550,464.2
51660,51550,264.6
51510,51550,236
51650,51550,40.8
51021,51550,406.8
51730,51550,98.2
51610,51550,242
51197,51550,399.8
51680,51550,243.1
51710,51550,21.6
51700,51550,53
51540,51550,201.9
51013,51550,241.3
51550,51550,24.8
51670,51550,103.8
51035,51550,359
51115,51550,108.9
51077,51550,408.3
51640,51550,375.6
51775,51550,318.7
51620,51550,62.3
51830,51550,73.2
51570,51550,112.3
51720,51550,521.4
51760,51550,129.6
51105,51550,554.8
51071,51550,386.8
51590,51550,234.8
51011,51550,213.2
51630,51550,179.6
51800,51550,44.4
51075,51550,166.6
51025,51550,122.6
51135,51550,155.5
51045,51550,355.4
51580,51550,313.6
51678,51550,273.1
51810,51550,27.9
51173,51550,423.5
51683,51550,228.8
51770,51550,307.3
51049,51550,182.8
51595,51550,97.8
51111,51550,176.7
51750,51550,358.8
51735,51550,56.8
51840,51550,295.8
51065,51550,196.6
51103,51550,143.3
51169,51550,530.1
51063,51550,345.6
51530,51550,277.4
51685,51550,230.2
51167,51650,461.5
51187,51650,243.2
51165,51650,237.6
51195,51650,498.8
51083,51650,216
51053,51650,129
51117,51650,166.6
51031,51650,242.6
51007,51650,141.3
51036,51650,71.3
51017,51650,276.7
51127,51650,67.6
51181,51650,66.7
51790,51650,205.8
51600,51650,199.5
51091,51650,259.5
51690,51650,275.7
51191,51650,423.7
51139,51650,245.6
51073,51650,46.7
51069,51650,266.6
51093,51650,43.9
51095,51650,44
51067,51650,313.6
51003,51650,172.1
51099,51650,156.1
51125,51650,213.2
51175,51650,85.7
51061,51650,199
51005,51650,279.7
51153,51650,187.5
51041,51650,120.4
51027,51650,482.6
51149,51650,101.3
51089,51650,276.8
51185,51650,426.2
51131,51650,89.6
51141,51650,315.4
51145,51650,132.5
51171,51650,269
51193,51650,134.5
51177,51650,147.2
51033,51650,126.3
51023,51650,279.3
51163,51650,239
51133,51650,120.2
51051,51650,517.5
51179,51650,158.4
51085,51650,101.3
51015,51650,210.1
51081,51650,112.7
51037,51650,213.4
51143,51650,261.1
51119,51650,75.3
51159,51650,118.2
51059,51650,201.1
51029,51650,190.7
51199,51650,33.3
51147,51650,179.2
51057,51650,118.8
51097,51650,93.3
51157,51650,225.3
51019,51650,262.8
51121,51650,327.1
51107,51650,233.2
51109,51650,152.8
51047,51650,188.8
51087,51650,82.5
51155,51650,339.5
51101,51650,92.8
51009,51650,239.6
51113,51650,203
51137,51650,181.2
51001,51650,134.9
51161,51650,298.5
51043,51650,251.5
51820,51650,194.1
51183,51650,96.9
51079,51650,191.9
51740,51650,37.1
51520,51650,437.5
51660,51650,227.5
51510,51650,198.9
51650,51650,9.2
51021,51650,380.1
51730,51650,102.3
51610,51650,204.9
51197,51650,373.1
51680,51650,237.1
51710,51650,27.5
51700,51650,15.9
51540,51650,164.8
51013,51650,204.2
51550,51650,59
51670,51650,96.1
51035,51650,368.5
51115,51650,70.1
51077,51650,404.9
51640,51650,385
51775,51650,292.1
51620,51650,71.7
51830,51650,36.1
51570,51650,102.8
51720,51650,494.7
51760,51650,92.5
51105,51650,528.1
51071,51650,360.1
51590,51650,244.2
51011,51650,207.2
51630,51650,142.5
51800,51650,53.8
51075,51650,129.5
51025,51650,132
51135,51650,159.6
51045,51650,321.1
51580,51650,276.5
51678,51650,236
51810,51650,58.7
51173,51650,396.8
51683,51650,191.7
51770,51650,291.9
51049,51650,157.2
51595,51650,107.2
51111,51650,180.8
51750,51650,332.1
51735,51650,18.1
51840,51650,258.7
51065,51650,159.5
51103,51650,104.4
51169,51650,503.4
51063,51650,348.5
51530,51650,240.3
51685,51650,193.1
